year_month,monthly_avg_price
199701,3.467875
199702,2.138375
199703,1.889
199704,2.077
199705,2.254875
199706,2.193
199707,2.2
199708,2.5039999999999996
199709,2.8912
199710,3.0869999999999997
199711,2.961666666666667
199712,2.3311
199801,2.088625
199802,2.2273750000000003
199803,2.2683999999999997
199804,2.4135
199805,2.13975
199806,2.1957
199807,2.143
199808,1.8344
199809,2.084625
199810,1.8800000000000001
199811,1.9821333333333335
199812,1.829875
199901,1.847625
199902,1.772125
199903,1.8030000000000002
199904,2.16
199905,2.276
199906,2.294
199907,2.305625
199908,2.7688
199909,2.541125
199910,2.745
199911,2.314
199912,2.390625
200001,2.4797
200002,2.6295
200003,2.7981249999999998
200004,3.0450000000000004
200005,3.6751000000000005
200006,4.291499999999999
200007,4.010599999999999
200008,4.5135
200009,5.062125
200010,4.9612
200011,5.803333333333334
200012,9.067375
200101,8.0671
200102,5.469125
200103,5.2379999999999995
200104,5.093299999999999
200105,4.0798749999999995
200106,3.7215
200107,3.1108000000000002
200108,2.939
200109,2.199
200110,2.5008
200111,2.2645
200112,2.3510999999999997
200201,2.271
200202,2.338125
200203,3.07275
200204,3.4616
200205,3.4525
200206,3.2615
200207,3.0021333333333335
200208,3.098
200209,3.6382000000000003
200210,4.1105
200211,4.062833333333334
200212,4.777200000000001
200301,5.496625
200302,7.63875
200303,5.7664
200304,5.35125
200305,5.867750000000001
200306,5.7022
200307,5.003
200308,4.9985
200309,4.598
200310,4.6595
200311,4.487
200312,6.069333333333333
200401,6.13525
200402,5.365875
200403,5.4228000000000005
200404,5.707875
200405,6.3443000000000005
200406,6.202
200407,5.942875000000001
200408,5.3212
200409,5.195
200410,6.402
200411,6.125466666666666
200412,6.593
200501,6.1798
200502,6.205375
200503,7.06875
200504,7.138
200505,6.4819
200506,7.2695
200507,7.66
200508,9.694399999999998
200509,11.844499999999998
200510,12.9988
200511,10.563333333333333
200512,12.921375000000001
200601,8.6618
200602,7.287625
200603,6.926500000000001
200604,7.146000000000001
200605,6.241300000000001
200606,6.207
200607,6.413333333333334
200608,6.849499999999999
200609,4.91025
200610,6.021199999999999
200611,7.489833333333333
200612,6.5923750000000005
200701,6.6283
200702,7.884125000000001
200703,7.104
200704,7.609399999999999
200705,7.6278749999999995
200706,7.335
200707,6.2198
200708,6.218500000000001
200709,6.058624999999999
200710,6.7524
200711,7.115625
200712,7.1925
200801,8.01275
200802,8.59425
200803,9.4362
200804,10.323
200805,11.364625
200806,12.767
200807,10.6705
200808,8.217
200809,7.635800000000001
200810,6.6365
200811,6.67975
200812,5.776
200901,5.21
200902,4.506125
200903,3.9208
200904,3.4693750000000003
200905,3.846375
200906,3.7763999999999998
200907,3.366
200908,2.9783999999999997
200909,3.107125
200910,4.147
200911,3.7938
200912,5.556125
201001,5.8185
201002,5.32425
201003,4.2491
201004,4.0495
201005,4.2005
201006,4.856
201007,4.62725
201008,4.2456000000000005
201009,3.9021250000000003
201010,3.4225000000000003
201011,3.7843000000000004
201012,4.242
201101,4.5033
201102,3.9315
201103,4.0275
201104,4.2325
201105,4.3665
201106,4.508
201107,4.421749999999999
201108,4.062399999999999
201109,3.8739999999999997
201110,3.5436
201111,3.2030000000000003
201112,3.138125
201201,2.63
201202,2.526375
201203,2.1475
201204,2.0021999999999998
201205,2.445875
201206,2.466
201207,2.9651
201208,2.8005
201209,2.84625
201210,3.3280000000000003
201211,3.552875
201212,3.3256
201301,3.35425
201302,3.337625
201303,3.8347499999999997
201304,4.1692
201305,4.023
201306,3.826
201307,3.6028
201308,3.4265
201309,3.6153
201310,3.685
201311,3.65875
201312,4.2613
201401,4.76775
201402,6.0005
201403,4.83
201404,4.710125
201405,4.561
201406,4.5600000000000005
201407,3.9819999999999998
201408,3.9194999999999998
201409,3.9364
201410,3.745
201411,4.124375
201412,3.4257
201501,2.9913749999999997
201502,2.876125
201503,2.8066
201504,2.611
201505,2.856
201506,2.784
201507,2.8475
201508,2.7596
201509,2.6270000000000002
201510,2.338
201511,2.0992
201512,1.9059999999999997
201601,2.2825
201602,1.9208000000000003
201603,1.7690000000000001
201604,1.9204999999999999
201605,1.966
201606,2.6465
201607,2.8195
201608,2.8312
201609,3.0015
201610,2.8888
201611,2.6590000000000003
201612,3.6125
201701,3.2843999999999993
201702,2.764
201703,2.9299999999999997
201704,3.1020000000000003
201705,3.1336
201706,2.978
201707,2.9516
201708,2.9245
201709,2.9804999999999997
201710,2.8576
201711,3.0515
201712,2.83175
201801,3.961
201802,2.636625
201803,2.694
201804,2.7896
201805,2.8194999999999997
201806,2.9699999999999998
201807,2.8326000000000002
201808,2.9844999999999997
201809,2.992625
201810,3.278
201811,4.226666666666667
201812,3.7552
201901,3.12
201902,2.7181249999999997
201903,2.9364999999999997
201904,2.6410000000000005
201905,2.64525
201906,2.3985
201907,2.3513333333333337
201908,2.219
201909,2.5169
201910,2.344
201911,2.64125
201912,2.1965999999999997
202001,2.010625
202002,1.917375
202003,1.7635999999999998
202004,1.7618749999999999
202005,1.75225
202006,1.6338000000000001
202007,1.771
202008,2.2736
202009,1.8522500000000002
202010,2.4775
202011,2.6008000000000004
202012,2.55975
202101,2.7039999999999997
202102,5.69475
202103,2.6113
202104,2.67
202105,2.9364999999999997
202106,3.3489999999999998
202107,3.8436250000000003
202108,4.14
202109,5.249875
202110,5.509
202111,4.919866666666667
202112,3.71675
202201,4.6196
202202,4.4405
202203,4.9855
202204,6.6565
202205,8.211699999999999
202206,7.4117500000000005
202207,7.292000000000001
202208,8.8436
202209,7.761749999999999
202210,5.491899999999999
202211,5.7165
202212,5.4464999999999995
202301,3.2001000000000004
202302,2.3804999999999996
202303,2.2555
202304,2.162125
202305,2.1068
202306,2.224375
202307,2.5376
202308,2.6109999999999998
202309,2.6273750000000002
202310,3.0048000000000004
202311,2.641
202312,2.51975
202401,3.0584
202402,1.6647500000000002
202403,1.493375
202404,1.6056000000000001
202405,2.1862500000000002
202406,2.5309999999999997
202407,2.0631
202408,1.9975
202409,2.3289
202410,2.0633749999999997
202411,2.205375
202412,3.0623
202501,4.18075
202502,4.2745
202503,4.1108
202504,3.253875
202505,3.117
202506,3.0490000000000004
202507,3.1975
202508,2.9085
202509,3.007
202510,3.1765
202511,3.834791666666667
202512,4.2178666666666675
