date,price,log_return,YYYYMM
1997-01-17,3.91,-0.002554279805096593,199701
1997-01-24,2.62,-0.40036305622426893,199701
1997-01-31,2.77,0.055673002426241625,199701
1997-02-07,2.39,-0.14755395425582785,199702
1997-02-14,2.12,-0.11987727725949815,199702
1997-02-21,1.92,-0.09909090264423104,199702
1997-02-28,1.78,-0.07571182173569635,199702
1997-03-07,1.89,0.059963464767557206,199703
1997-03-14,1.97,0.041456713678346135,199703
1997-03-21,1.87,-0.05209511188340177,199703
1997-03-28,1.84,-0.01617285924560108,199703
1997-04-04,1.91,0.03733767043764413,199704
1997-04-11,1.98,0.03599360264790541,199704
1997-04-18,2.1,0.058840500022933506,199704
1997-04-25,2.16,0.0281708769666964,199704
1997-05-02,2.21,0.0228842938335877,199705
1997-05-09,2.3,0.03991660740544245,199705
1997-05-16,2.19,-0.04900757910669451,199705
1997-05-23,2.2,0.0045558165358609015,199705
1997-05-30,2.23,0.013544225107757102,199705
1997-06-06,2.19,-0.018100041643618003,199706
1997-06-13,2.15,-0.018433701688837956,199706
1997-06-20,2.25,0.04546237407675735,199706
1997-06-27,2.17,-0.036203048663960624,199706
1997-07-04,2.11,-0.028039220064393078,199707
1997-07-11,2.16,0.023420274208098668,199707
1997-07-18,2.26,0.045256591588120676,199707
1997-07-25,2.22,-0.017857617400006243,199707
1997-08-01,2.24,0.008968669982760358,199708
1997-08-08,2.38,0.0606246218164348,199708
1997-08-15,2.53,0.06111881505604544,199708
1997-08-22,2.47,-0.0240011520995429,199708
1997-08-29,2.69,0.08532304297386184,199708
1997-09-05,2.67,-0.007462721201589528,199709
1997-09-12,2.86,0.06874315241960305,199709
1997-09-19,2.94,0.02758795651882906,199709
1997-09-26,3.24,0.09716374845364784,199709
1997-10-03,2.91,-0.10742024862083688,199710
1997-10-10,2.78,-0.04570215348085571,199710
1997-10-17,2.97,0.06611102511206268,199710
1997-10-24,3.29,0.10232561196267231,199710
1997-10-31,3.22,-0.02150620522096358,199710
1997-11-07,3.05,-0.05423976893699667,199711
1997-11-14,3.25,0.06351340572232589,199711
1997-11-21,2.59,-0.22699712063019983,199711
1997-11-28,2.5,-0.035367143837291226,199711
1997-12-05,2.42,-0.03252319170556006,199712
1997-12-12,2.3,-0.05085841723349116,199712
1997-12-19,2.39,0.038384243008315444,199712
1997-12-26,2.18,-0.09196848914242162,199712
1998-01-02,2.16,-0.009216655104923976,199801
1998-01-09,2.09,-0.03294415571935416,199801
1998-01-16,2.11,0.009523881511255494,199801
1998-01-23,2.14,0.014117881545785083,199801
1998-01-30,2.09,-0.023641763057040577,199801
1998-02-06,2.35,0.117251262179348,199802
1998-02-13,2.22,-0.05690813227187941,199802
1998-02-20,2.2,-0.009049835519917893,199802
1998-02-27,2.23,0.013544225107757102,199802
1998-03-06,2.1,-0.060064240742650044,199803
1998-03-13,2.21,0.0510551708002841,199803
1998-03-20,2.28,0.031182927436687935,199803
1998-03-27,2.26,-0.008810629682154958,199803
1998-04-03,2.51,0.10491793985949804,199804
1998-04-10,2.61,0.03906746819090956,199804
1998-04-17,2.4,-0.08388148398070217,199804
1998-04-24,2.31,-0.038221212820197636,199804
1998-05-01,2.11,-0.09055957704572715,199805
1998-05-08,2.11,0.0,199805
1998-05-15,2.18,0.032636929313022645,199805
1998-05-22,2.02,-0.07622736538788433,199805
1998-05-29,2.1,0.03883983331626395,199805
1998-06-05,2.01,-0.043802622658393076,199806
1998-06-12,2.01,0.0,199806
1998-06-19,2.2,0.09032263829328602,199806
1998-06-26,2.4,0.08701137698962957,199806
1998-07-03,2.36,-0.016807118316381153,199807
1998-07-10,2.32,-0.017094433359300165,199807
1998-07-17,2.15,-0.07609934353864711,199807
1998-07-24,1.97,-0.08743429938967429,199807
1998-07-31,1.85,-0.06284790365966364,199807
1998-08-07,1.82,-0.016349138001529484,199808
1998-08-14,1.83,0.005479465764625546,199808
1998-08-21,1.93,0.05320403606346458,199808
1998-08-28,1.66,-0.15070240054834227,199808
1998-09-04,1.71,0.02967576814611661,199809
1998-09-11,1.86,0.08408311721054151,199809
1998-09-18,2.27,0.19920334376820137,199809
1998-09-25,2.38,0.047320656190071975,199809
1998-10-02,2.14,-0.10629465864962317,199810
1998-10-09,1.8,-0.1730191641316411,199810
1998-10-16,1.64,-0.09309042306601206,199810
1998-10-23,1.84,0.11506932978478729,199810
1998-10-30,2.0,0.083381608939051,199810
1998-11-06,2.25,0.11778303565638348,199811
1998-11-13,2.21,-0.017937700686667335,199811
1998-11-20,2.07,-0.06544390825238378,199811
1998-11-27,2.13,0.028573372444056,199811
1998-12-04,1.05,-0.7073318155519016,199812
1998-12-11,1.55,0.38946476676172326,199812
1998-12-18,2.02,0.2648425804819581,199812
1998-12-25,1.89,-0.06652068234156239,199812
1999-01-01,1.95,0.031252543504104446,199901
1999-01-08,1.9,-0.02597548640326075,199901
1999-01-15,1.78,-0.0652405218684009,199901
1999-01-22,1.82,0.022223136784710218,199901
1999-01-29,1.83,0.005479465764625546,199901
1999-02-05,1.81,-0.010989121575595173,199902
1999-02-12,1.82,0.005509655810969627,199902
1999-02-19,1.79,-0.01662088123604033,199902
1999-02-26,1.63,-0.09363560503399276,199902
1999-03-05,1.74,0.06530509840776672,199903
1999-03-12,1.81,0.03944173205129675,199903
1999-03-19,1.73,-0.04520543676804678,199903
1999-03-26,1.83,0.056194558343641954,199903
1999-04-02,1.95,0.06351340572232589,199904
1999-04-09,2.1,0.07410797215372189,199904
1999-04-16,2.14,0.018868484304382815,199904
1999-04-23,2.23,0.04119575643826723,199904
1999-04-30,2.25,0.008928630744301391,199904
1999-05-07,2.25,0.0,199905
1999-05-14,2.28,0.0132452267500206,199905
1999-05-21,2.21,-0.031182927436687935,199905
1999-05-28,2.29,0.03555930203648683,199905
1999-06-04,2.31,0.008695706967553951,199906
1999-06-11,2.3,-0.004338401598598329,199906
1999-06-18,2.24,-0.026433257068155358,199906
1999-06-25,2.27,0.013303965626362824,199906
1999-07-02,2.26,-0.004415018209116939,199907
1999-07-09,2.17,-0.040637645731826266,199907
1999-07-16,2.18,0.004597709248629567,199907
1999-07-23,2.42,0.10444266336759733,199907
1999-07-30,2.55,0.052325819001739715,199907
1999-08-06,2.69,0.053447834443412945,199908
1999-08-13,2.71,0.007407441277861859,199908
1999-08-20,2.97,0.09161331792299865,199908
1999-08-27,2.87,-0.03424992304307839,199908
1999-09-03,2.47,-0.15009387913164396,199909
1999-09-10,2.84,0.1395859015332288,199909
1999-09-17,2.45,-0.14771602761647895,199909
1999-09-24,2.54,0.036076056473809515,199909
1999-10-01,2.39,-0.060870715087025906,199910
1999-10-08,2.35,-0.016878037787351752,199910
1999-10-15,2.66,0.12391079463754018,199910
1999-10-22,3.0,0.12028616587450203,199910
1999-10-29,2.76,-0.08338160893905133,199910
1999-11-05,2.62,-0.0520563619560529,199911
1999-11-12,2.16,-0.19306609607693181,199911
1999-11-19,2.16,0.0,199911
1999-11-26,1.96,-0.09716374845364795,199911
1999-12-03,2.16,0.09716374845364795,199912
1999-12-10,2.27,0.049671609797237615,199912
1999-12-17,2.55,0.11631352767702341,199912
1999-12-24,2.42,-0.052325819001739715,199912
1999-12-31,2.3,-0.05085841723349116,199912
2000-01-07,2.19,-0.04900757910669451,200001
2000-01-14,2.28,0.040273899137939995,200001
2000-01-21,2.55,0.11191791620398539,200001
2000-01-28,2.84,0.10771069300277991,200001
2000-02-04,2.78,-0.02135312447056914,200002
2000-02-11,2.65,-0.04789128770441475,200002
2000-02-18,2.65,0.0,200002
2000-02-25,2.51,-0.05427688685443832,200002
2000-03-03,2.72,0.0803491271642135,200003
2000-03-10,2.69,-0.011090686694158247,200003
2000-03-17,2.81,0.04364328973190679,200003
2000-03-24,2.82,0.003552401604367761,200003
2000-03-31,2.88,0.021053409197832273,200003
2000-04-07,2.99,0.03748309325474053,200004
2000-04-14,3.11,0.03934933878854774,200004
2000-04-21,3.07,-0.012945164592037095,200004
2000-04-28,3.09,0.006493529310548363,200004
2000-05-05,3.11,0.006451635281488732,200005
2000-05-12,3.35,0.0743376196458323,200005
2000-05-19,3.76,0.11545861156482795,200005
2000-05-26,4.29,0.13186777553812257,200005
2000-06-02,4.21,-0.018824085245635613,200006
2000-06-09,4.14,-0.016766859857067162,200006
2000-06-16,4.45,0.07220830834092595,200006
2000-06-23,4.42,-0.006764400088542066,200006
2000-06-30,4.36,-0.013667638728663611,200006
2000-07-07,4.0,-0.08617769624105254,200007
2000-07-14,4.17,0.041621674690819566,200007
2000-07-21,3.88,-0.0720808821755281,200007
2000-07-28,3.89,0.0025740039951729354,200007
2000-08-04,4.25,0.0885098253059704,200008
2000-08-11,4.44,0.043735393507808196,200008
2000-08-18,4.38,-0.013605652055778794,200008
2000-08-25,4.55,0.038078508574504344,200008
2000-09-01,4.7,0.03243527575315386,200009
2000-09-08,4.74,0.008474626990972123,200009
2000-09-15,5.28,0.10788896201118514,200009
2000-09-22,5.16,-0.022989518224698857,200009
2000-09-29,5.1,-0.011696039763191335,200009
2000-10-06,5.04,-0.01183445764700286,200010
2000-10-13,5.43,0.07453305186256687,200010
2000-10-20,4.84,-0.11502441321730372,200010
2000-10-27,4.48,-0.07729167430164652,200010
2000-11-03,4.64,0.035091319811270116,200011
2000-11-10,5.24,0.12160713209478691,200011
2000-11-17,5.62,0.07001016557264883,200011
2000-11-24,6.3,0.11421796949188723,200011
2000-12-01,6.53,0.035857309890852784,200012
2000-12-08,8.13,0.21915398027137956,200012
2000-12-15,8.03,-0.012376395601048973,200012
2000-12-22,10.48,0.26628415093422575,200012
2000-12-29,10.48,0.0,200012
2001-01-05,10.03,-0.043888076919051944,200101
2001-01-12,8.75,-0.1365269016043209,200101
2001-01-19,7.61,-0.13959052849592846,200101
2001-01-26,7.0,-0.08355302281828147,200101
2001-02-02,6.76,-0.03488725900044054,200102
2001-02-09,6.24,-0.08004270767353638,200102
2001-02-16,5.57,-0.11358512844214363,200102
2001-02-23,5.05,-0.09800681065192429,200102
2001-03-02,5.06,0.001978240012105781,200103
2001-03-09,5.13,0.013739175883304089,200103
2001-03-16,5.27,0.026924703370592606,200103
2001-03-23,5.16,-0.021093783059799476,200103
2001-03-30,5.35,0.036159981414443765,200103
2001-04-06,5.33,-0.0037453227301620373,200104
2001-04-13,5.32,-0.001877934824199956,200104
2001-04-20,5.0,-0.06203539091945287,200104
2001-04-27,4.83,-0.03459144476961895,200104
2001-05-04,4.5,-0.07076907088820716,200105
2001-05-11,4.25,-0.057158413839948796,200105
2001-05-18,4.15,-0.023810648693718406,200105
2001-05-25,3.83,-0.08024353105005222,200105
2001-06-01,3.7,-0.034531983542375855,200106
2001-06-08,3.62,-0.021858793812499222,200106
2001-06-15,3.86,0.06419315763905975,200106
2001-06-22,3.68,-0.047754431295899735,200106
2001-06-29,2.91,-0.23475967099743844,200106
2001-07-06,2.99,0.027120306219193813,200107
2001-07-13,3.15,0.052129065434946664,200107
2001-07-20,2.97,-0.058840500022933506,200107
2001-07-27,3.06,0.02985296314968111,200107
2001-08-03,3.06,0.0,200108
2001-08-10,2.99,-0.02314152856169427,200108
2001-08-17,3.24,0.08029994240164307,200108
2001-08-24,2.77,-0.15672600960499095,200108
2001-08-31,2.15,-0.25337947805967576,200108
2001-09-07,2.36,0.09319377689794728,200109
2001-09-14,2.41,0.020965128465044947,200109
2001-09-21,2.04,-0.1666769396464386,200109
2001-09-28,1.8,-0.125163142954006,200109
2001-10-05,2.11,0.158901282585856,200110
2001-10-12,2.28,0.0774874954783743,200110
2001-10-19,2.31,0.013072081567352845,200110
2001-10-26,3.06,0.2811673914305871,200110
2001-11-02,2.93,-0.04341249293531324,200111
2001-11-09,2.61,-0.11565220169437407,200111
2001-11-16,1.69,-0.4346216923996199,200111
2001-11-23,1.91,0.1223747131235563,200111
2001-11-30,1.83,-0.04278727520520886,200111
2001-12-07,2.11,0.1423719806346455,200112
2001-12-14,2.4,0.12878078986592478,200112
2001-12-21,2.4,0.0,200112
2001-12-28,2.4,0.0,200112
2002-01-04,2.58,0.07232066157962624,200201
2002-01-11,2.32,-0.10622221325530756,200201
2002-01-18,2.28,-0.017391742711869163,200201
2002-01-25,2.03,-0.11613964991265346,200201
2002-02-01,2.28,0.11613964991265346,200202
2002-02-08,2.21,-0.031182927436687935,200202
2002-02-15,2.18,-0.013667638728663722,200202
2002-02-22,2.4,0.09614386055290214,200202
2002-03-01,2.51,0.044814015789792605,200203
2002-03-08,2.82,0.1164541318063298,200203
2002-03-15,2.99,0.0585365024525728,200203
2002-03-22,3.57,0.17729220838895254,200203
2002-03-29,3.18,-0.11568439899946203,200203
2002-04-05,3.31,0.04006699259688595,200204
2002-04-12,3.07,-0.07527062778986582,200204
2002-04-19,3.4,0.10209787002300996,200204
2002-04-26,3.32,-0.023810648693718628,200204
2002-05-03,3.71,0.1110670936909468,200205
2002-05-10,3.7,-0.002699056969164948,200205
2002-05-17,3.41,-0.08162052835475353,200205
2002-05-24,3.21,-0.06044135415350094,200205
2002-05-31,3.15,-0.018868484304382704,200205
2002-06-07,3.11,-0.012779726646398926,200206
2002-06-14,3.13,0.006410278360919008,200206
2002-06-21,3.18,0.015848192240023762,200206
2002-06-28,3.2,0.006269613013595299,200206
2002-07-05,3.08,-0.03822121282019775,200207
2002-07-12,2.87,-0.07061756721395329,200207
2002-07-19,2.95,0.027493140580198583,200207
2002-07-26,2.94,-0.003395589001138122,200207
2002-08-02,2.9,-0.013698844358162043,200208
2002-08-09,2.83,-0.024434025337281895,200208
2002-08-16,3.1,0.09112539983595425,200208
2002-08-23,3.48,0.11563018229528232,200208
2002-08-30,3.12,-0.10919929196499178,200208
2002-09-06,3.39,0.08299691957096789,200209
2002-09-13,3.37,-0.005917177028088583,200209
2002-09-20,3.95,0.1588028345487602,200209
2002-09-27,3.76,-0.0492966215112276,200209
2002-10-04,3.86,0.026248226074936376,200210
2002-10-11,3.8,-0.01566611674439944,200210
2002-10-18,4.11,0.0784219617758033,200210
2002-10-25,4.12,0.002430134853291799,200210
2002-11-01,4.07,-0.012210163906931415,200211
2002-11-08,3.76,-0.07922404205270062,200211
2002-11-15,3.92,0.04167269640056803,200211
2002-11-22,4.32,0.09716374845364784,200211
2002-11-29,4.19,-0.0305546683219724,200211
2002-12-06,4.39,0.04662849315303341,200212
2002-12-13,5.05,0.14005901620018846,200212
2002-12-20,5.05,0.0,200212
2002-12-27,4.81,-0.04869115916959865,200212
2003-01-03,5.13,0.06440857506500852,200301
2003-01-10,5.19,0.011628037995119023,200301
2003-01-17,5.66,0.08669019503729425,200301
2003-01-24,5.91,0.043221939202915394,200301
2003-01-31,5.58,-0.05745705502478726,200301
2003-02-07,6.3,0.12136085700426724,200302
2003-02-14,5.88,-0.06899287148695143,200302
2003-02-21,6.73,0.13501838174610103,200302
2003-02-28,10.81,0.47389648799448025,200302
2003-03-07,7.42,-0.37629257447182773,200303
2003-03-14,5.17,-0.36130636865895127,200303
2003-03-21,5.05,-0.023484445233069362,200303
2003-03-28,5.06,0.001978240012105781,200303
2003-04-04,4.86,-0.040328045386971656,200304
2003-04-11,5.28,0.08288765980576773,200304
2003-04-18,5.54,0.04806840304102211,200304
2003-04-25,5.39,-0.027449115838286575,200304
2003-05-02,5.24,-0.02822388658795494,200305
2003-05-09,5.73,0.08939403239369748,200305
2003-05-16,5.96,0.039354950350610096,200305
2003-05-23,5.92,-0.006734032181344052,200305
2003-05-30,5.99,0.01175496323144376,200305
2003-06-06,6.25,0.042490051620952096,200306
2003-06-13,5.44,-0.13880240288045886,200306
2003-06-20,5.68,0.0431721718652085,200306
2003-06-27,5.19,-0.09021753555526257,200306
2003-07-04,4.96,-0.045327956440961215,200307
2003-07-11,5.22,0.05109166115771124,200307
2003-07-18,5.01,-0.04106148679777388,200307
2003-07-25,4.68,-0.06813780516721812,200307
2003-08-01,4.71,0.006389798098771049,200308
2003-08-08,5.02,0.0637420256753114,200308
2003-08-15,4.83,-0.03858346603915641,200308
2003-08-22,5.24,0.0814750306684695,200308
2003-08-29,4.86,-0.07528306042054833,200308
2003-09-05,4.76,-0.020790769669073894,200309
2003-09-12,4.66,-0.02123222010577397,200309
2003-09-19,4.33,-0.0734479061231561,200309
2003-09-26,4.42,0.020572154075208182,200309
2003-10-03,4.34,-0.018265347977293178,200310
2003-10-10,4.92,0.12543418239190318,200310
2003-10-17,4.53,-0.08258659100927401,200310
2003-10-24,4.78,0.053718607008421904,200310
2003-10-31,3.98,-0.1831587272070183,200310
2003-11-07,4.48,0.11834122713054751,200311
2003-11-14,4.62,0.030771658666753687,200311
2003-11-21,4.15,-0.10728637085104054,200311
2003-11-28,4.86,0.15793010366979554,200311
2003-12-05,6.27,0.25473791673242685,200312
2003-12-12,6.73,0.07079878901180714,200312
2003-12-19,6.92,0.02784062597294179,200312
2003-12-26,5.5,-0.229667677391153,200312
2004-01-02,5.76,0.04618938246937465,200401
2004-01-09,6.91,0.18203216307177872,200401
2004-01-16,5.43,-0.2410305038337346,200401
2004-01-23,5.82,0.06936112779750236,200401
2004-01-30,5.8,-0.003442344190972779,200401
2004-02-06,5.38,-0.07516954337868054,200402
2004-02-13,5.62,0.043643289731906565,200402
2004-02-20,5.19,-0.0795979667278024,200402
2004-02-27,5.27,0.015296665375473584,200402
2004-03-05,5.32,0.009442940800282296,200403
2004-03-12,5.52,0.036904556935450694,200403
2004-03-19,5.49,-0.005449604767564509,200403
2004-03-26,5.16,-0.06199167602796796,200403
2004-04-02,5.69,0.09777366864476833,200404
2004-04-09,5.84,0.02602054870189585,200404
2004-04-16,5.62,-0.038399132934535896,200404
2004-04-23,5.53,-0.016143848371356295,200404
2004-04-30,5.81,0.04939275532957632,200404
2004-05-07,6.18,0.061737700605779766,200405
2004-05-14,6.43,0.039656266779928506,200405
2004-05-21,6.35,-0.012519725344927846,200405
2004-05-28,6.45,0.01562531790308097,200405
2004-06-04,6.15,-0.047628048989254435,200406
2004-06-11,6.0,-0.0246926125903717,200406
2004-06-18,6.48,0.07696104113612834,200406
2004-06-25,6.28,-0.03135052988407594,200406
2004-07-02,5.88,-0.0658132185695719,200407
2004-07-09,5.89,0.0016992357529597157,200407
2004-07-16,5.77,-0.02058391714348695,200407
2004-07-23,5.98,0.03574848744253223,200407
2004-07-30,6.03,0.0083264427765537,200407
2004-08-06,5.42,-0.1066511952875393,200408
2004-08-13,5.27,-0.028065452898283993,200408
2004-08-20,5.39,0.022515022367634918,200408
2004-08-27,5.05,-0.0651571416336374,200408
2004-09-03,4.32,-0.15613284103124947,200409
2004-09-10,4.57,0.05625780265009439,200409
2004-09-17,4.95,0.07987437167448563,200409
2004-09-24,5.41,0.08886151627779126,200409
2004-10-01,5.38,-0.005560718684697097,200410
2004-10-08,5.59,0.03829091299331466,200410
2004-10-15,5.64,0.008904778342959663,200410
2004-10-22,7.11,0.23161817830518205,200410
2004-10-29,6.43,-0.10052770556562152,200410
2004-11-05,6.08,-0.0559698422714523,200411
2004-11-12,5.9,-0.030052345066401864,200411
2004-11-19,4.81,-0.20425526679400408,200411
2004-11-26,5.01,0.04073883097910369,200411
2004-12-03,6.04,0.18696809684995008,200412
2004-12-10,6.29,0.04055705876562565,200412
2004-12-17,7.26,0.14341875812435556,200412
2004-12-24,6.98,-0.03933091206242345,200412
2004-12-31,6.02,-0.1479616574535516,200412
2005-01-07,5.82,-0.03378699757738324,200501
2005-01-14,6.45,0.10277986906433467,200501
2005-01-21,6.43,-0.003105592558153125,200501
2005-01-28,6.23,-0.03159820545016623,200501
2005-02-04,6.12,-0.017814236275127016,200502
2005-02-11,6.02,-0.016474837203505066,200502
2005-02-18,5.88,-0.023530497410194195,200502
2005-02-25,6.24,0.05942342047080085,200502
2005-03-04,6.51,0.04235927383914162,200503
2005-03-11,6.73,0.03323568743615857,200503
2005-03-18,7.12,0.05633258176724798,200503
2005-03-25,7.07,-0.007047245515403144,200503
2005-04-01,7.57,0.06833258754087623,200504
2005-04-08,7.26,-0.04181323861265285,200504
2005-04-15,6.95,-0.043638169260003856,200504
2005-04-22,7.06,0.015703391928449717,200504
2005-04-29,6.64,-0.061333088016808146,200504
2005-05-06,6.67,0.004507896439189807,200505
2005-05-13,6.47,-0.030443751414723108,200505
2005-05-20,6.36,-0.01714773116077839,200505
2005-05-27,6.22,-0.02225847060094277,200505
2005-06-03,6.65,0.06684694791667489,200506
2005-06-10,7.09,0.06406848587627323,200506
2005-06-17,7.61,0.07077783132955862,200506
2005-06-24,7.45,-0.021249139482126367,200506
2005-07-01,7.01,-0.060876331344969614,200507
2005-07-08,7.87,0.11572036138281305,200507
2005-07-15,8.02,0.01888035944911115,200507
2005-07-22,7.41,-0.07910798257042728,200507
2005-07-29,7.76,0.04615189488713156,200507
2005-08-05,8.6,0.10277986906433467,200508
2005-08-12,9.59,0.10895868563588484,200508
2005-08-19,9.09,-0.053545980705959284,200508
2005-08-26,9.86,0.08131126042515646,200508
2005-09-02,11.75,0.17536707197562418,200509
2005-09-09,11.03,-0.06323440732475705,200509
2005-09-16,11.25,0.01974929538501824,200509
2005-09-23,14.84,0.27695810908880514,200509
2005-10-07,13.67,-0.08212258700337616,200510
2005-10-14,12.8,-0.06575847981028682,200510
2005-10-21,12.73,-0.005483758356256363,200510
2005-10-28,13.1,0.02865081763779065,200510
2005-11-04,9.67,-0.3035839207419029,200511
2005-11-11,9.2,-0.04982482541020827,200511
2005-11-18,10.01,0.08438110927213449,200511
2005-11-25,11.02,0.09612721039763938,200511
2005-12-02,12.95,0.16138398442077806,200512
2005-12-09,15.02,0.14828685819044196,200512
2005-12-16,13.36,-0.11711747822748864,200512
2005-12-23,11.17,-0.1790335550273907,200512
2005-12-30,9.52,-0.1598367642778351,200512
2006-01-06,9.3,-0.023380448644063634,200601
2006-01-13,8.5,-0.0899482366629396,200601
2006-01-20,8.8,0.03468555798789019,200601
2006-01-27,8.19,-0.071837823619183,200601
2006-02-03,8.01,-0.022223136784710107,200602
2006-02-10,7.57,-0.056497693630910284,200602
2006-02-17,7.39,-0.024065332489247027,200602
2006-02-24,7.39,0.0,200602
2006-03-03,6.59,-0.11457438644569473,200603
2006-03-10,6.4,-0.029255358148789545,200603
2006-03-17,7.17,0.11360766424590274,200603
2006-03-24,7.43,0.03562020411813882,200603
2006-03-31,6.98,-0.062476941955386556,200603
2006-04-07,6.81,-0.024656796612860354,200604
2006-04-14,6.64,-0.02528015667307848,200604
2006-04-21,7.65,0.141593684350102,200604
2006-04-28,6.64,-0.141593684350102,200604
2006-05-05,6.8,0.023810648693718628,200605
2006-05-12,6.35,-0.06846779927746094,200605
2006-05-19,5.77,-0.0957827323845919,200605
2006-05-26,5.78,0.0017316021642779234,200605
2006-06-02,6.23,0.07497265011507559,200606
2006-06-09,6.1,-0.021087561620096285,200606
2006-06-16,7.03,0.14189793464330802,200606
2006-06-23,6.14,-0.13536196366352238,200606
2006-06-30,5.84,-0.050093945318915534,200606
2006-07-07,5.18,-0.11992574056874394,200607
2006-07-14,6.28,0.19256492420871574,200607
2006-07-21,5.9,-0.06241762956843355,200607
2006-07-28,7.24,0.20466885548595126,200607
2006-08-04,7.44,0.0272496424473756,200608
2006-08-11,7.56,0.016000341346440905,200608
2006-08-18,6.66,-0.12675170563914384,200608
2006-08-25,7.48,0.1161133074340881,200608
2006-09-01,5.24,-0.355911293653435,200609
2006-09-08,5.31,0.01327033692089663,200609
2006-09-15,4.4,-0.1879872943296319,200609
2006-09-22,4.47,0.015783867701261833,200609
2006-09-29,3.66,-0.19992526121220244,200609
2006-10-06,4.41,0.18641154204547972,200610
2006-10-13,4.3,-0.025259666759237964,200610
2006-10-20,6.88,0.47000362924573547,200610
2006-10-27,7.41,0.07421178736274348,200610
2006-11-03,7.43,0.002695419421672174,200611
2006-11-10,7.16,-0.03701587775711346,200611
2006-11-17,7.23,0.009729055198119063,200611
2006-11-24,7.42,0.025940021008615588,200611
2006-12-01,8.42,0.12643077107494616,200612
2006-12-08,7.45,-0.12239579586276683,200612
2006-12-15,6.82,-0.08835456053609758,200612
2006-12-22,5.88,-0.1483027099448353,200612
2006-12-29,5.5,-0.06680866967211019,200612
2007-01-05,5.52,0.0036297680505785745,200701
2007-01-12,5.97,0.07836906711550684,200701
2007-01-19,6.4,0.06955106296111557,200701
2007-01-26,6.95,0.0824436692110746,200701
2007-02-02,8.17,0.16172724929521043,200702
2007-02-09,8.16,-0.0012247398958957767,200702
2007-02-16,8.45,0.03492227239306667,200702
2007-02-23,7.53,-0.11527139955728005,200702
2007-03-02,7.22,-0.04204008890706734,200703
2007-03-09,7.05,-0.023827336080557426,200703
2007-03-16,6.84,-0.03023988518971832,200703
2007-03-23,7.16,0.04572224933809532,200703
2007-03-30,7.5,0.046393039569710304,200703
2007-04-06,7.53,0.00399202126953746,200704
2007-04-13,7.93,0.05175799383495461,200704
2007-04-20,7.32,-0.0800427076735366,200704
2007-04-27,7.44,0.016260520871780537,200704
2007-05-04,7.82,0.049813705712219214,200705
2007-05-11,7.53,-0.03778951274541775,200705
2007-05-18,7.87,0.04416302061750965,200705
2007-05-25,7.47,-0.05216306328458575,200705
2007-06-01,7.57,0.013298068304631538,200706
2007-06-08,7.52,-0.006626929487609345,200706
2007-06-15,7.58,0.00794706169253212,200706
2007-06-22,7.04,-0.07390502948432931,200706
2007-06-29,6.4,-0.09531017980432477,200706
2007-07-06,6.15,-0.039845908547199604,200707
2007-07-13,6.27,0.0193242728264027,200707
2007-07-20,6.46,0.02985296314968111,200707
2007-07-27,5.77,-0.11295723727450224,200707
2007-08-03,6.11,0.05725469266349581,200708
2007-08-10,6.57,0.07258705931301512,200708
2007-08-17,7.14,0.08319894385497384,200708
2007-08-24,5.69,-0.22700252821325329,200708
2007-08-31,5.49,-0.03578199261680037,200708
2007-09-07,5.53,0.007259560012804034,200709
2007-09-14,6.23,0.11918851726511837,200709
2007-09-21,5.96,-0.04430585172210333,200709
2007-09-28,6.15,0.03138160074116825,200709
2007-10-05,6.77,0.09604900510575698,200710
2007-10-12,6.46,-0.04687176912967317,200710
2007-10-19,6.91,0.06734031998506818,200710
2007-10-26,6.43,-0.07199509953005068,200710
2007-11-02,6.63,0.03063026594824314,200711
2007-11-09,6.59,-0.0060514556833553,200711
2007-11-16,7.29,0.10095019750615108,200711
2007-11-23,6.67,-0.08888368609303465,200711
2007-11-30,7.29,0.08888368609303465,200711
2007-12-07,7.04,-0.03489537585061586,200712
2007-12-14,7.09,0.007077170374085062,200712
2007-12-21,7.03,-0.008498634721462617,200712
2007-12-28,7.11,0.011315537992576008,200712
2008-01-04,7.51,0.05473322196089403,200801
2008-01-11,8.13,0.07932545778367572,200801
2008-01-18,8.42,0.03504890469451594,200801
2008-01-25,7.8,-0.07648609455868893,200801
2008-02-01,7.88,0.010204170174241689,200802
2008-02-08,8.06,0.02258565264874912,200802
2008-02-15,8.73,0.07985181333297398,200802
2008-02-22,8.65,-0.00920604890772303,200802
2008-02-29,9.1,0.050715092579016297,200802
2008-03-07,9.82,0.07614670884357011,200803
2008-03-14,9.84,0.0020345886977874983,200803
2008-03-21,8.54,-0.1416947032636835,200803
2008-03-28,9.36,0.09168428268902229,200803
2008-04-04,9.36,0.0,200804
2008-04-11,10.07,0.07311541624097018,200804
2008-04-18,10.08,0.0009925559127514916,200804
2008-04-25,10.72,0.061557892999433594,200804
2008-05-02,10.37,-0.03319413340122024,200805
2008-05-09,11.29,0.08500035592013466,200805
2008-05-16,11.31,0.0017699119664587037,200805
2008-05-23,11.56,0.02186357311620224,200805
2008-05-30,11.43,-0.01130938543751192,200805
2008-06-06,12.71,0.10614760739464346,200806
2008-06-13,12.51,-0.015860760722543166,200806
2008-06-20,12.76,0.019786953437824106,200806
2008-06-27,13.1,0.026296952290461917,200806
2008-07-04,13.0,-0.007662872745568983,200807
2008-07-11,12.15,-0.06762018767497935,200807
2008-07-18,10.54,-0.14215162667334136,200807
2008-07-25,9.34,-0.12087129087246495,200807
2008-08-01,9.05,-0.0315414945289163,200808
2008-08-08,8.22,-0.0961945486437461,200808
2008-08-15,7.82,-0.04988565451086879,200808
2008-08-22,7.98,0.020253856904497436,200808
2008-08-29,8.24,0.032061932459662934,200808
2008-09-05,7.4,-0.10752034371125596,200809
2008-09-12,8.02,0.08045842166829864,200809
2008-09-19,7.79,-0.029097561995766075,200809
2008-09-26,7.42,-0.04866180270336784,200809
2008-10-03,7.16,-0.03566907620673465,200810
2008-10-10,6.52,-0.09363560503399282,200810
2008-10-17,6.76,0.03614851411631115,200810
2008-10-24,6.29,-0.07206181934252354,200810
2008-10-31,6.18,-0.017642799242749696,200810
2008-11-07,6.6,0.06575137756278027,200811
2008-11-14,6.33,-0.041769412876294876,200811
2008-11-21,6.56,0.035690366799912665,200811
2008-11-28,6.43,-0.02001606470646955,200811
2008-12-05,5.99,-0.07088312612216985,200812
2008-12-12,5.56,-0.07449330386486719,200812
2008-12-19,5.66,0.017825783952600593,200812
2008-12-26,5.44,-0.03964483134724017,200812
2009-01-02,5.41,-0.00552996800946115,200901
2009-01-09,5.6,0.034517504882713324,200901
2009-01-16,5.09,-0.09548876717867216,200901
2009-01-23,4.75,-0.06913321251588145,200901
2009-01-30,4.77,0.004201686853699815,200901
2009-02-06,4.67,-0.021187233219443824,200902
2009-02-13,4.6,-0.015102768185756732,200902
2009-02-20,4.21,-0.08859365580075917,200902
2009-02-27,4.04,-0.041217955721231325,200902
2009-03-06,3.93,-0.027605266091888847,200903
2009-03-13,3.9,-0.007662872745569205,200903
2009-03-20,3.99,0.02281467776617152,200903
2009-03-27,3.73,-0.06738299724604802,200903
2009-04-03,3.66,-0.01894508624244917,200904
2009-04-10,3.59,-0.01931094491308749,200904
2009-04-17,3.47,-0.03399760854141953,200904
2009-04-24,3.31,-0.04720640456979641,200904
2009-05-01,3.3,-0.003025720916536967,200905
2009-05-08,4.16,0.23159260580073737,200905
2009-05-15,4.05,-0.026798193154724093,200905
2009-05-22,3.41,-0.17200458982302247,200905
2009-05-29,3.92,0.13937936250694571,200905
2009-06-05,3.51,-0.11047561632459679,200906
2009-06-12,3.54,0.0085106896679088,200906
2009-06-19,4.04,0.1321179648273756,200906
2009-06-26,3.81,-0.05861550283444905,200906
2009-07-03,3.49,-0.08772745292427375,200907
2009-07-10,3.24,-0.07432840641009775,200907
2009-07-17,3.39,0.0452565915881209,200907
2009-07-24,3.37,-0.005917177028088583,200907
2009-07-31,3.34,-0.008941937375661402,200907
2009-08-07,3.57,0.06659478880293856,200908
2009-08-14,3.18,-0.11568439899946203,200908
2009-08-21,2.78,-0.13443026908954003,200908
2009-08-28,2.52,-0.09819202617921363,200908
2009-09-04,1.83,-0.31994293467000234,200909
2009-09-11,2.94,0.47409361449726073,200909
2009-09-18,3.21,0.08786135579133414,200909
2009-09-25,3.61,0.11743683520286519,200909
2009-10-02,2.32,-0.4421405866665711,200910
2009-10-09,3.92,0.5245244681241525,200910
2009-10-16,3.94,0.005089069507471455,200910
2009-10-23,4.88,0.2139644965552132,200910
2009-10-30,4.11,-0.17172219135691247,200910
2009-11-06,3.95,-0.03970744959511263,200911
2009-11-13,2.51,-0.4534328257693382,200911
2009-11-20,3.09,0.2078883377659616,200911
2009-11-27,3.32,0.07179369201874297,200911
2009-12-04,4.53,0.3107571565665457,200912
2009-12-11,5.21,0.13985791627033284,200912
2009-12-18,5.87,0.11927477807472964,200912
2009-12-25,5.75,-0.020654779030746084,200912
2010-01-01,5.82,0.012100406934087315,201001
2010-01-08,6.56,0.1196903412126511,201001
2010-01-15,5.66,-0.147566710740906,201001
2010-01-22,5.67,0.0017652255245692583,201001
2010-01-29,5.26,-0.07505809099004224,201001
2010-02-05,5.61,0.0644196927849865,201002
2010-02-12,5.48,-0.02344561857468075,201002
2010-02-19,5.1,-0.07186456122964424,201002
2010-02-26,4.76,-0.06899287148695143,201002
2010-03-05,4.56,-0.042925044717033956,201003
2010-03-12,4.35,-0.04714677842570203,201003
2010-03-19,4.01,-0.08138460378211487,201003
2010-03-26,3.92,-0.02269958751610668,201003
2010-04-02,3.72,-0.05236798551731581,201004
2010-04-09,3.9,0.04725288485054535,201004
2010-04-16,3.97,0.017789541563498545,201004
2010-04-23,4.07,0.024876904755404494,201004
2010-04-30,3.94,-0.03246227614466113,201004
2010-05-07,3.91,-0.0076433493125680485,201005
2010-05-14,4.27,0.08807645324325852,201005
2010-05-21,4.12,-0.03576066387909793,201005
2010-05-28,4.31,0.0450847407542212,201005
2010-06-04,4.6,0.0651183993793929,201006
2010-06-11,4.68,0.017241806434506124,201006
2010-06-18,5.17,0.09957457859078245,201006
2010-06-25,4.84,-0.06595796779179741,201006
2010-07-02,4.72,-0.02510592113107646,201007
2010-07-09,4.36,-0.07933674223652076,201007
2010-07-16,4.68,0.07082605256861219,201007
2010-07-23,4.69,0.002134472528632747,201007
2010-07-30,4.81,0.025264501659481686,201007
2010-08-06,4.67,-0.029538012436863825,201008
2010-08-13,4.35,-0.07098322658021328,201008
2010-08-20,4.19,-0.037475111166546116,201008
2010-08-27,3.75,-0.11094489395172702,201008
2010-09-03,3.74,-0.0026702285558788397,201009
2010-09-10,3.79,0.01328040766789429,201009
2010-09-17,4.11,0.08105700941380833,201009
2010-09-24,3.97,-0.03465693380904411,201009
2010-10-01,3.67,-0.07857443263262032,201010
2010-10-08,3.36,-0.08825068809136605,201010
2010-10-15,3.47,0.03221361998365513,201010
2010-10-22,3.19,-0.0841336771620147,201010
2010-10-29,3.36,0.05192005717835957,201010
2010-11-05,3.47,0.03221361998365513,201011
2010-11-12,3.5,0.008608374536600127,201011
2010-11-19,3.79,0.07960305059896688,201011
2010-11-26,3.82,0.007884403524148764,201011
2010-12-03,4.23,0.10195157043970293,201012
2010-12-10,4.37,0.032561016049312164,201012
2010-12-17,3.99,-0.09097177820572666,201012
2010-12-24,4.08,0.022305757514298197,201012
2010-12-31,4.22,0.03373813963185013,201012
2011-01-07,4.42,0.046304568041686256,201101
2011-01-14,4.38,-0.009090971701251949,201101
2011-01-21,4.72,0.0747600752091091,201101
2011-01-28,4.27,-0.10019497235693087,201101
2011-02-04,4.48,0.04800921918636081,201102
2011-02-11,3.96,-0.12337902116050459,201102
2011-02-18,3.84,-0.030771658666753687,201102
2011-02-25,3.81,-0.007843177461025919,201102
2011-03-04,3.7,-0.02929636948843073,201103
2011-03-11,3.78,0.021391189981317282,201103
2011-03-18,3.98,0.05155780966485013,201103
2011-03-25,4.13,0.036995587676595054,201103
2011-04-01,4.32,0.044977995283077554,201104
2011-04-08,4.05,-0.06453852113757108,201104
2011-04-15,4.21,0.03874576657584217,201104
2011-04-22,4.33,0.028104894320108542,201104
2011-04-29,4.51,0.0407296115001885,201104
2011-05-06,4.24,-0.061733884270720685,201105
2011-05-13,4.09,-0.036018299189156,201105
2011-05-20,4.05,-0.009828088936262525,201105
2011-05-27,4.36,0.07375517624249528,201105
2011-06-03,4.72,0.07933674223652076,201106
2011-06-10,4.72,0.0,201106
2011-06-17,4.39,-0.07247957251038395,201106
2011-06-24,4.2,-0.04424470179775719,201106
2011-07-01,4.33,0.030483016725075807,201107
2011-07-08,4.19,-0.03286680808035203,201107
2011-07-15,4.49,0.06915196782011646,201107
2011-07-22,4.46,-0.006703935722190302,201107
2011-07-29,4.26,-0.04587960575069361,201107
2011-08-05,4.0,-0.06297479916138848,201108
2011-08-12,4.17,0.041621674690819566,201108
2011-08-19,3.99,-0.044124804908938,201108
2011-08-26,3.96,-0.007547205635382914,201108
2011-09-02,4.12,0.03960913809504585,201109
2011-09-09,3.96,-0.03960913809504585,201109
2011-09-16,3.84,-0.030771658666753687,201109
2011-09-23,3.74,-0.026386755173194887,201109
2011-09-30,3.68,-0.016172859245600968,201109
2011-10-07,3.4,-0.07913732055872402,201110
2011-10-14,3.49,0.026126304592220206,201110
2011-10-21,3.54,0.014224990931347214,201110
2011-10-28,3.63,0.025105921131076236,201110
2011-11-04,3.44,-0.05376117689145232,201111
2011-11-11,3.29,-0.04458390660802647,201111
2011-11-18,3.01,-0.08894748601649627,201111
2011-11-25,2.84,-0.05813602658766959,201111
2011-12-02,3.35,0.16515629366386042,201112
2011-12-09,3.29,-0.018072781059694565,201112
2011-12-16,3.01,-0.08894748601649627,201112
2011-12-23,2.97,-0.013378125946176045,201112
2011-12-30,2.98,0.0033613477027047978,201112
2012-01-06,2.85,-0.04460430623675382,201201
2012-01-13,2.67,-0.06524052186840101,201201
2012-01-20,2.23,-0.1800768869401308,201201
2012-01-27,2.59,0.14965629023941895,201201
2012-02-03,2.4,-0.07618913835754648,201202
2012-02-10,2.51,0.044814015789792605,201202
2012-02-17,2.67,0.06179571926846572,201202
2012-02-24,2.6,-0.02656702738472183,201202
2012-03-02,2.38,-0.08841095734405302,201203
2012-03-09,2.21,-0.07410797215372189,201203
2012-03-16,2.01,-0.09485779345867718,201203
2012-03-23,2.07,0.0294138852062934,201203
2012-03-30,2.0,-0.03440142671733237,201203
2012-04-06,1.98,-0.010050335853501458,201204
2012-04-13,1.87,-0.05715841383994846,201204
2012-04-20,1.82,-0.027101929777791356,201204
2012-04-27,2.05,0.11900329206161275,201204
2012-05-04,2.3,0.11506932978478712,201205
2012-05-11,2.37,0.029980832211935926,201205
2012-05-18,2.56,0.07711730334443134,201205
2012-05-25,2.56,0.0,201205
2012-06-01,2.24,-0.13353139262452263,201206
2012-06-08,2.22,-0.008968669982760358,201206
2012-06-15,2.44,0.09449084342092229,201206
2012-06-22,2.5,0.02429269256904465,201206
2012-06-29,2.74,0.09166718852582378,201206
2012-07-06,2.94,0.0704516609506114,201207
2012-07-13,2.88,-0.02061928720273576,201207
2012-07-20,3.03,0.05077232537342313,201207
2012-07-27,3.1,0.022839491969822934,201207
2012-08-03,2.91,-0.06324903030769935,201208
2012-08-10,2.84,-0.02434902901028657,201208
2012-08-17,2.7,-0.050552279162831226,201208
2012-08-24,2.81,0.03993271033537105,201208
2012-08-31,2.72,-0.03255260303774854,201208
2012-09-07,2.73,0.0036697288889624424,201209
2012-09-14,2.94,0.07410797215372189,201209
2012-09-21,2.76,-0.06317890162153184,201209
2012-09-28,3.08,0.10969891725642467,201209
2012-10-05,3.26,0.05679759839313303,201210
2012-10-12,3.38,0.03614851411631115,201210
2012-10-19,3.43,0.014684551682921265,201210
2012-10-26,3.38,-0.014684551682921265,201210
2012-11-02,3.4,0.005899722127188367,201211
2012-11-09,3.33,-0.020803127629763107,201211
2012-11-16,3.46,0.038296285077280334,201211
2012-11-23,3.59,0.036883613430554574,201211
2012-11-30,3.46,-0.036883613430554574,201211
2012-12-07,3.33,-0.038296285077280334,201212
2012-12-14,3.15,-0.055569851154810834,201212
2012-12-21,3.42,0.08223809823697215,201212
2012-12-28,3.4,-0.005865119452398204,201212
2013-01-04,3.2,-0.0606246218164348,201301
2013-01-11,3.18,-0.006269613013595299,201301
2013-01-18,3.54,0.10724553035359752,201301
2013-01-25,3.42,-0.03448617607116922,201301
2013-02-01,3.34,-0.02366974408590483,201302
2013-02-08,3.26,-0.024243611609992888,201302
2013-02-15,3.19,-0.021706278581862914,201302
2013-02-22,3.27,0.024769068112408865,201302
2013-03-01,3.54,0.07933674223652099,201303
2013-03-08,3.57,0.008438868645864517,201303
2013-03-15,3.89,0.08584356183880737,201303
2013-03-22,4.01,0.030382083688122785,201303
2013-03-29,4.03,0.0049751346401138985,201303
2013-04-05,3.98,-0.01248455666224535,201304
2013-04-12,4.21,0.056180828397943694,201304
2013-04-19,4.38,0.039586076694064776,201304
2013-04-26,4.16,-0.05153365011518285,201304
2013-05-03,3.98,-0.04423325497682562,201305
2013-05-10,3.9,-0.020305266160745683,201305
2013-05-17,3.89,-0.002567395505245651,201305
2013-05-24,4.15,0.064699176612252,201305
2013-05-31,4.02,-0.03182643161167742,201305
2013-06-07,3.79,-0.058915883536594604,201306
2013-06-14,3.76,-0.007947061692531898,201306
2013-06-21,3.85,0.023654190897889782,201306
2013-06-28,3.57,-0.07550755250814523,201306
2013-07-05,3.52,-0.014104606181541968,201307
2013-07-12,3.61,0.02524678273478398,201307
2013-07-19,3.78,0.04601623728670656,201307
2013-07-26,3.59,-0.05157180713130871,201307
2013-08-02,3.39,-0.05732228110782844,201308
2013-08-09,3.32,-0.020865138463961985,201308
2013-08-16,3.35,0.008995562908578059,201308
2013-08-23,3.5,0.043802622658392965,201308
2013-08-30,3.57,0.019802627296179542,201308
2013-09-06,3.55,-0.005617992304223218,201309
2013-09-13,3.6,0.013986241974739855,201309
2013-09-20,3.68,0.02197890671877545,201309
2013-09-27,3.51,-0.0472967147030654,201309
2013-10-04,3.57,0.016949558313773316,201310
2013-10-11,3.74,0.04652001563489305,201310
2013-10-18,3.72,-0.0053619431413853835,201310
2013-10-25,3.69,-0.008097210232619556,201310
2013-11-01,3.45,-0.06725222700916733,201311
2013-11-08,3.54,0.0257524961024147,201311
2013-11-15,3.56,0.005633817718255996,201311
2013-11-22,3.78,0.059963464767557095,201311
2013-11-29,3.87,0.023530497410194195,201311
2013-12-06,4.15,0.0698538272009166,201312
2013-12-13,4.44,0.0675460422015266,201312
2013-12-20,4.35,-0.02047853134354094,201312
2013-12-27,4.34,-0.0023014969882790837,201312
2014-01-03,4.39,0.01145487897476638,201401
2014-01-10,3.95,-0.10561364817404928,201401
2014-01-17,4.39,0.10561364817404928,201401
2014-01-24,5.17,0.16354346143325782,201401
2014-01-31,5.04,-0.025466606437060557,201401
2014-02-07,5.92,0.16093036681263717,201402
2014-02-14,5.54,-0.066341948136722,201402
2014-02-21,6.24,0.11898568162214396,201402
2014-02-28,4.8,-0.26236426446749106,201402
2014-03-07,4.78,-0.004175371410480633,201403
2014-03-14,4.4,-0.08283600557914905,201403
2014-03-21,4.33,-0.016036998909817024,201403
2014-03-28,4.5,0.03850985476187563,201403
2014-04-04,4.49,-0.0022246950221112005,201404
2014-04-11,4.67,0.03930636992664294,201404
2014-04-18,4.64,-0.006444705442641974,201404
2014-04-25,4.83,0.0401321014263174,201404
2014-05-02,4.73,-0.020921265160639635,201405
2014-05-09,4.59,-0.030045178431387987,201405
2014-05-16,4.42,-0.03774032798284699,201405
2014-05-23,4.4,-0.004535155165391158,201405
2014-05-30,4.49,0.020248160829947404,201405
2014-06-06,4.66,0.037162746383391676,201406
2014-06-13,4.7,0.008547060578458332,201406
2014-06-20,4.53,-0.03684056922107026,201406
2014-06-27,4.39,-0.03139271240786279,201406
2014-07-04,4.31,-0.01839132297142365,201407
2014-07-11,4.13,-0.042660497142714915,201407
2014-07-18,4.08,-0.01218041855687102,201407
2014-07-25,3.86,-0.05542980493933092,201407
2014-08-01,3.77,-0.023592182016820118,201408
2014-08-08,3.94,0.04410572184992323,201408
2014-08-15,3.8,-0.03617965657750255,201408
2014-08-22,3.88,0.020834086902842053,201408
2014-08-29,4.04,0.04040953833787664,201408
2014-09-05,3.86,-0.04557750849631925,201409
2014-09-12,3.82,-0.010416760858255714,201409
2014-09-19,3.99,0.043540808283288435,201409
2014-09-26,3.89,-0.02538207327141717,201409
2014-10-03,3.94,0.012771565679487562,201410
2014-10-10,3.86,-0.02051353983310311,201410
2014-10-17,3.73,-0.034258949821015294,201410
2014-10-24,3.53,-0.05511036271051872,201410
2014-10-31,3.82,0.0789525516732783,201410
2014-11-07,3.92,0.02584123118388737,201411
2014-11-14,4.05,0.032625227316076755,201411
2014-11-21,4.32,0.06453852113757108,201411
2014-11-28,4.3,-0.0046403795565022055,201411
2014-12-05,3.42,-0.22897447162500284,201412
2014-12-12,3.91,0.13389682292276062,201412
2014-12-19,3.71,-0.05250549737793064,201412
2014-12-26,2.74,-0.30307395621936495,201412
2015-01-02,3.01,0.09398215836080537,201501
2015-01-09,2.96,-0.0167508104248153,201501
2015-01-16,3.11,0.049433457855173835,201501
2015-01-23,2.96,-0.049433457855173835,201501
2015-01-30,2.88,-0.027398974188114433,201501
2015-02-06,2.66,-0.07946417135424677,201502
2015-02-13,2.75,0.03327478888487212,201502
2015-02-20,3.02,0.09365591970829845,201502
2015-02-27,2.79,-0.07921523555350407,201502
2015-03-06,2.89,0.035214906291066495,201503
2015-03-13,2.72,-0.0606246218164348,201503
2015-03-20,2.86,0.05018974452385527,201503
2015-03-27,2.89,0.010434877292579525,201503
2015-04-03,2.63,-0.0942726559346676,201504
2015-04-10,2.58,-0.01919444725614705,201504
2015-04-17,2.67,0.03428907347863208,201504
2015-04-24,2.59,-0.030420596700711844,201504
2015-05-01,2.68,0.03415891881131905,201505
2015-05-08,2.78,0.03663413317978015,201505
2015-05-15,2.96,0.06273834063342343,201505
2015-05-22,2.96,0.0,201505
2015-05-29,2.78,-0.06273834063342343,201505
2015-06-05,2.6,-0.06693948267510919,201506
2015-06-12,2.88,0.10227884912041818,201506
2015-06-19,2.81,-0.024605810802200034,201506
2015-06-26,2.77,-0.014337163146407317,201506
2015-07-03,2.79,0.007194275634027081,201507
2015-07-10,2.7,-0.03278982282299081,201507
2015-07-17,2.88,0.06453852113757108,201507
2015-07-24,2.92,0.013793322132335861,201507
2015-07-31,2.76,-0.05635293655113194,201507
2015-08-07,2.76,0.0,201508
2015-08-14,2.83,0.025046031926087897,201508
2015-08-21,2.7,-0.0470249386448629,201508
2015-08-28,2.69,-0.0037105793965357403,201508
2015-09-04,2.67,-0.007462721201589528,201509
2015-09-11,2.67,0.0,201509
2015-09-18,2.69,0.007462721201589528,201509
2015-09-25,2.6,-0.03402974858631136,201509
2015-10-02,2.37,-0.09262148988039653,201510
2015-10-09,2.49,0.04939275532957654,201510
2015-10-16,2.42,-0.02851517030802131,201510
2015-10-23,2.28,-0.059592097202245675,201510
2015-10-30,1.98,-0.14107859825990554,201510
2015-11-06,2.19,0.10080469912196555,201511
2015-11-13,2.02,-0.08080403241529599,201511
2015-11-20,2.18,0.07622736538788433,201511
2015-11-27,2.14,-0.018519047767237562,201511
2015-12-04,2.1,-0.018868484304382815,201512
2015-12-11,1.79,-0.15972172487671366,201512
2015-12-18,1.74,-0.02833050662622605,201512
2015-12-25,1.63,-0.06530509840776672,201512
2016-01-01,2.28,0.33559542814767845,201601
2016-01-08,2.47,0.0800427076735365,201601
2016-01-15,2.18,-0.12489327383888815,201601
2016-01-22,2.21,0.013667638728663722,201601
2016-01-29,2.28,0.031182927436687935,201601
2016-02-05,2.08,-0.09180754925312273,201602
2016-02-12,2.08,0.0,201602
2016-02-19,1.83,-0.12805192685989708,201602
2016-02-26,1.78,-0.027702602549335764,201602
2016-03-04,1.49,-0.177837244346626,201603
2016-03-11,1.74,0.15510899326906985,201603
2016-03-18,1.84,0.055880458394456656,201603
2016-03-25,1.78,-0.033152207316900495,201603
2016-04-01,1.88,0.054658412537863965,201604
2016-04-08,1.99,0.05686286189454326,201604
2016-04-15,1.71,-0.15164126822183255,201604
2016-04-22,1.92,0.11583181552512167,201604
2016-04-29,1.89,-0.015748356968139143,201604
2016-05-06,1.86,-0.016000341346441016,201605
2016-05-13,1.96,0.05236798551731581,201605
2016-05-20,1.81,-0.0796176279646914,201605
2016-05-27,1.77,-0.022347298691996587,201605
2016-06-03,2.31,0.2662679779479644,201606
2016-06-10,2.46,0.06291382541056922,201606
2016-06-17,2.59,0.051496525767174894,201606
2016-06-24,2.71,0.04529075918016323,201606
2016-07-01,2.89,0.06430786723273119,201607
2016-07-08,2.8,-0.031637084943182625,201607
2016-07-15,2.7,-0.03636764417087468,201607
2016-07-22,2.8,0.03636764417087468,201607
2016-07-29,2.97,0.05894253563345009,201607
2016-08-05,2.88,-0.030771658666753687,201608
2016-08-12,2.7,-0.06453852113757108,201608
2016-08-19,2.67,-0.011173300598125269,201608
2016-08-26,2.91,0.08607460877124307,201608
2016-09-02,2.88,-0.010362787035546717,201609
2016-09-09,2.93,0.017212128881121558,201609
2016-09-16,2.97,0.01355952978563213,201609
2016-09-23,3.06,0.02985296314968111,201609
2016-09-30,2.84,-0.07461086379117465,201609
2016-10-07,3.02,0.061452779213663655,201610
2016-10-14,3.18,0.05162436540530724,201610
2016-10-21,2.92,-0.08529758051189518,201610
2016-10-28,2.72,-0.07095173597228444,201610
2016-11-04,2.2,-0.21217451994363568,201611
2016-11-11,2.08,-0.05608946665104364,201611
2016-11-18,2.6,0.2231435513142097,201611
2016-11-25,2.76,0.059719234701622104,201611
2016-12-02,3.44,0.22024079165624855,201612
2016-12-09,3.75,0.0862843685970125,201612
2016-12-16,3.51,-0.06613980250454521,201612
2016-12-23,3.6,0.025317807984289953,201612
2016-12-30,3.71,0.030098031157279603,201612
2017-01-06,3.38,-0.09315616712441654,201701
2017-01-13,3.36,-0.0059347355198144935,201701
2017-01-20,3.23,-0.03945883674054773,201701
2017-01-27,3.31,0.024466052154406448,201701
2017-02-03,3.13,-0.055915184836909715,201702
2017-02-10,3.11,-0.006410278360919008,201702
2017-02-17,2.75,-0.12302181451266292,201702
2017-02-24,2.63,-0.04461706548880673,201702
2017-03-03,2.5,-0.05069311431551804,201703
2017-03-10,2.98,0.1756325686431579,201703
2017-03-17,2.85,-0.04460430623675382,201703
2017-03-24,2.97,0.04124295853404902,201703
2017-03-31,3.13,0.05247105173745359,201703
2017-04-07,3.23,0.03144913268250327,201704
2017-04-14,3.0,-0.07386984856645529,201704
2017-04-21,3.06,0.019802627296179542,201704
2017-04-28,3.2,0.04473589384139154,201704
2017-05-05,3.1,-0.03174869831458027,201705
2017-05-12,3.24,0.04417121831313753,201705
2017-05-19,3.11,-0.04095060361309533,201705
2017-05-26,3.1,-0.0032206147000422014,201705
2017-06-02,2.85,-0.0840831172105414,201706
2017-06-09,3.03,0.06124362524071847,201706
2017-06-16,3.01,-0.006622540760493401,201706
2017-06-23,2.89,-0.04068357663644351,201706
2017-06-30,2.98,0.03066679839297226,201706
2017-07-07,2.91,-0.02377021933391177,201707
2017-07-14,2.94,0.010256500167189042,201707
2017-07-21,3.06,0.04000533461369904,201707
2017-07-28,2.96,-0.033225647628320365,201707
2017-08-04,2.76,-0.06995858860691051,201708
2017-08-11,2.96,0.06995858860691051,201708
2017-08-18,2.9,-0.020478531343540718,201708
2017-08-25,2.93,0.010291686036547842,201708
2017-09-01,2.88,-0.017212128881121558,201709
2017-09-08,2.88,0.0,201709
2017-09-15,3.0,0.040821994520255256,201709
2017-09-22,2.93,-0.023609865639133698,201709
2017-09-29,2.94,0.003407158321614201,201709
2017-10-06,2.93,-0.003407158321614201,201710
2017-10-13,2.99,0.02027096437361897,201710
2017-10-20,2.8,-0.06565397022143693,201710
2017-10-27,2.78,-0.007168489478612594,201710
2017-11-03,2.75,-0.010850016024065656,201711
2017-11-10,3.17,0.1421306762107093,201711
2017-11-17,3.04,-0.0418740724710589,201711
2017-11-24,3.05,0.0032840752011900065,201711
2017-12-01,2.84,-0.0713375384462056,201712
2017-12-08,2.78,-0.02135312447056914,201712
2017-12-15,2.6,-0.06693948267510919,201712
2017-12-22,2.63,0.0114724011622368,201712
2017-12-29,3.69,0.33864261186276257,201712
2018-01-05,4.65,0.23124076154682927,201801
2018-01-12,4.06,-0.13568424598562379,201801
2018-01-19,3.2,-0.23803216380796033,201801
2018-01-26,3.58,0.1122119906069281,201801
2018-02-02,2.91,-0.20720971922920772,201802
2018-02-09,2.66,-0.08982695838979349,201802
2018-02-16,2.49,-0.0660434123169914,201802
2018-02-23,2.58,0.03550668845690974,201802
2018-03-02,2.67,0.03428907347863208,201803
2018-03-09,2.71,0.014870162479451388,201803
2018-03-16,2.62,-0.033774317118604014,201803
2018-03-23,2.58,-0.015384918839479456,201803
2018-03-30,2.81,0.0853950844121284,201803
2018-04-06,2.81,0.0,201804
2018-04-13,2.82,0.003552401604367761,201804
2018-04-20,2.78,-0.014285957247476722,201804
2018-04-27,2.82,0.014285957247476722,201804
2018-05-04,2.75,-0.025135973271542378,201805
2018-05-11,2.75,0.0,201805
2018-05-18,2.75,0.0,201805
2018-05-25,2.88,0.04618938246937465,201805
2018-06-01,2.91,0.010362787035546717,201806
2018-06-08,2.91,0.0,201806
2018-06-15,3.02,0.037103750203377084,201806
2018-06-22,2.95,-0.02345166103504992,201806
2018-06-29,2.96,0.0033840979842405527,201806
2018-07-06,2.91,-0.017036187152567717,201807
2018-07-13,2.86,-0.017331456351640018,201807
2018-07-20,2.79,-0.02478002899848697,201807
2018-07-27,2.78,-0.0035906681307287247,201807
2018-08-03,2.86,0.028370697129215694,201808
2018-08-10,2.96,0.034367643504207734,201808
2018-08-17,3.01,0.0167508104248153,201808
2018-08-24,2.99,-0.006666691358189203,201808
2018-08-31,2.98,-0.0033500868852820442,201808
2018-09-07,2.88,-0.034133006369458485,201809
2018-09-14,2.91,0.010362787035546717,201809
2018-09-21,3.02,0.037103750203377084,201809
2018-09-28,3.01,-0.0033167526259940683,201809
2018-10-05,3.25,0.07671491758086191,201810
2018-10-12,3.19,-0.018634079544892934,201810
2018-10-19,3.2,0.003129893008927631,201810
2018-10-26,3.27,0.021639175103481234,201810
2018-11-02,3.26,-0.0030627895305459507,201811
2018-11-09,3.74,0.1373584160478245,201811
2018-11-16,4.3,0.13952941127307605,201811
2018-11-23,4.7,0.08894748601649627,201811
2018-11-30,4.61,-0.01933465170745574,201811
2018-12-07,4.51,-0.021930703493970194,201812
2018-12-14,3.99,-0.1225059226128149,201812
2018-12-21,3.7,-0.07545841125159325,201812
2018-12-28,3.25,-0.12967782330853272,201812
2019-01-04,2.8,-0.14903557916048804,201901
2019-01-11,2.95,0.05218575317057028,201901
2019-01-18,3.43,0.15075509082612015,201901
2019-01-25,3.07,-0.11088269957874286,201901
2019-02-01,2.7,-0.12842578858882225,201902
2019-02-08,2.66,-0.01492565021667569,201902
2019-02-15,2.59,-0.026668247082161423,201902
2019-02-22,2.74,0.05630004468853256,201902
2019-03-01,3.19,0.15206299639677434,201903
2019-03-08,2.9,-0.09531017980432499,201903
2019-03-15,2.95,0.017094433359300165,201903
2019-03-22,2.75,-0.07020425867324853,201903
2019-03-29,2.73,-0.00729930248161148,201903
2019-04-05,2.62,-0.041127291423862844,201904
2019-04-12,2.75,0.048426593905474324,201904
2019-04-19,2.54,-0.07943683064803464,201904
2019-04-26,2.58,0.01562531790308086,201904
2019-05-03,2.59,0.003868476777920238,201905
2019-05-10,2.64,0.01912104144677851,201905
2019-05-17,2.61,-0.011428695823622825,201905
2019-05-24,2.6,-0.00383877630716567,201905
2019-05-31,2.59,-0.003853569315990013,201905
2019-06-07,2.43,-0.06376661835898922,201906
2019-06-14,2.37,-0.025001302205417297,201906
2019-06-21,2.27,-0.04311012365372846,201906
2019-06-28,2.42,0.0639877086752837,201906
2019-07-05,2.29,-0.05521572260244678,201907
2019-07-12,2.54,0.10361226346429697,201907
2019-07-19,2.3,-0.09925495809534135,201907
2019-07-26,2.23,-0.030907537463076507,201907
2019-08-02,2.12,-0.0505854967881062,201908
2019-08-09,2.09,-0.014252022707201606,201908
2019-08-16,2.2,0.0512932943875507,201908
2019-08-23,2.15,-0.022989518224698857,201908
2019-08-30,2.33,0.08040042543803783,201908
2019-09-06,2.49,0.06641444289900711,201909
2019-09-13,2.61,0.04706751085798566,201909
2019-09-20,2.34,-0.109199291964992,201909
2019-09-27,2.41,0.029475818132953635,201909
2019-10-04,2.25,-0.06869653128623487,201910
2019-10-11,2.13,-0.05480823649499511,201910
2019-10-18,2.08,-0.023754086008107023,201910
2019-10-25,2.26,0.08299691957096778,201910
2019-11-01,2.54,0.11679926774625082,201911
2019-11-08,2.87,0.12214794874108459,201911
2019-11-15,2.7,-0.06106025676124638,201911
2019-11-22,2.62,-0.030077455237277895,201911
2019-11-29,2.46,-0.06301296782873411,201911
2019-12-06,2.31,-0.06291382541056922,201912
2019-12-13,2.28,-0.013072081567352845,201912
2019-12-20,2.27,-0.004395611473038019,201912
2019-12-27,1.75,-0.2601640435578887,201912
2020-01-03,2.06,0.16309019486606713,202001
2020-01-10,2.05,-0.004866189651173025,202001
2020-01-17,2.07,0.009708814126960896,202001
2020-01-24,1.91,-0.08044536521873924,202001
2020-01-31,1.91,0.0,202001
2020-02-07,1.93,0.010416760858255714,202002
2020-02-14,1.93,0.0,202002
2020-02-21,1.96,0.015424470325631656,202002
2020-02-28,1.79,-0.09072885338976211,202002
2020-03-06,1.76,-0.016901810802603223,202003
2020-03-13,1.94,0.09737416402517629,202003
2020-03-20,1.76,-0.09737416402517629,202003
2020-03-27,1.7,-0.03468555798789008,202003
2020-04-03,1.5,-0.125163142954006,202004
2020-04-10,1.74,0.14842000511827325,202004
2020-04-17,1.71,-0.017391742711869163,202004
2020-04-24,1.81,0.056833474763165914,202004
2020-05-01,1.69,-0.06859831634275226,202005
2020-05-08,1.74,0.029156584291455512,202005
2020-05-15,1.66,-0.04706751085798577,202005
2020-05-22,1.7,0.023810648693718517,202005
2020-05-29,1.7,0.0,202005
2020-06-05,1.8,0.057158413839948685,202006
2020-06-12,1.67,-0.07496303847345531,202006
2020-06-19,1.49,-0.11404750647129597,202006
2020-06-26,1.42,-0.04811924834419845,202006
2020-07-03,1.58,0.10676797542570615,202007
2020-07-10,1.79,0.1247907728137882,202007
2020-07-17,1.79,0.0,202007
2020-07-24,1.77,-0.011236073266925883,202007
2020-07-31,1.83,0.03333642026759176,202007
2020-08-07,2.15,0.16115187528624186,202008
2020-08-14,2.23,0.03653374333245596,202008
2020-08-21,2.39,0.06929178047139195,202008
2020-08-28,2.46,0.02886798400085211,202008
2020-09-04,1.8,-0.3123746850421524,202009
2020-09-11,1.93,0.06973333801467507,202009
2020-09-18,1.56,-0.2128341816553484,202009
2020-09-25,1.9,0.19716806491094896,202009
2020-10-02,1.41,-0.29826418178231784,202010
2020-10-09,2.25,0.4673405118262519,202010
2020-10-16,2.16,-0.040821994520255034,202010
2020-10-23,2.91,0.2980448594873275,202010
2020-10-30,3.03,0.040409538337876416,202010
2020-11-06,2.67,-0.12648414710911948,202011
2020-11-13,2.82,0.054658412537864076,202011
2020-11-20,2.22,-0.23922968906583408,202011
2020-11-27,2.47,0.1067109547556977,202011
2020-12-04,2.48,0.004040409537004908,202012
2020-12-11,2.54,0.023905520853554463,202012
2020-12-18,2.73,0.07213752816642316,202012
2020-12-25,2.68,-0.01848481467410301,202012
2021-01-01,2.39,-0.11452342857934605,202101
2021-01-08,2.77,0.14755395425582785,202101
2021-01-15,2.86,0.03197430463251405,202101
2021-01-22,2.45,-0.1547336002751255,202101
2021-01-29,2.68,0.08972876996612966,202101
2021-02-05,3.49,0.2640849416915705,202102
2021-02-12,6.12,0.5616603603098989,202102
2021-02-19,4.96,-0.21015635578739866,202102
2021-02-26,2.66,-0.6230796179432283,202102
2021-03-05,2.72,0.022305757514298197,202103
2021-03-12,2.65,-0.026072240309775174,202103
2021-03-19,2.53,-0.046340337258702013,202103
2021-03-26,2.52,-0.003960401216096865,202103
2021-04-02,2.52,0.0,202104
2021-04-09,2.48,-0.016000341346441127,202104
2021-04-16,2.63,0.058725286012782374,202104
2021-04-23,2.79,0.05905774964360111,202104
2021-04-30,2.86,0.02478002899848697,202104
2021-05-07,2.9,0.013889112160667016,202105
2021-05-14,2.95,0.017094433359300165,202105
2021-05-21,2.84,-0.038001118178613735,202105
2021-05-28,2.91,0.02434902901028657,202105
2021-06-04,3.01,0.033786997577383016,202106
2021-06-11,3.23,0.07054205847378081,202106
2021-06-18,3.23,0.0,202106
2021-06-25,3.4,0.05129329438755059,202106
2021-07-02,3.67,0.07641623044436319,202107
2021-07-09,3.71,0.01084021455286499,202107
2021-07-16,3.7,-0.002699056969164948,202107
2021-07-23,4.11,0.10509020885796438,202107
2021-07-30,3.94,-0.042242305198300745,202107
2021-08-06,4.21,0.06628192438444747,202108
2021-08-13,3.95,-0.06374706878125935,202108
2021-08-20,3.94,-0.002534855603188113,202108
2021-08-27,4.35,0.0989951217907501,202108
2021-09-03,4.77,0.0921704597996571,202109
2021-09-10,5.13,0.07275935428242852,202109
2021-09-17,5.32,0.0363676441708749,202109
2021-09-24,5.1,-0.042232763623273106,202109
2021-10-01,5.61,0.09531017980432499,202110
2021-10-08,5.46,-0.027101929777791467,202110
2021-10-15,5.44,-0.0036697288889622204,202110
2021-10-22,5.1,-0.0645385211375713,202110
2021-10-29,5.49,0.07368771579115929,202110
2021-11-05,5.51,0.003636367643383709,202111
2021-11-12,4.97,-0.10314478305628572,202111
2021-11-19,4.9,-0.014184634991956324,202111
2021-11-26,4.93,0.006103782938017721,202111
2021-12-03,3.79,-0.2629729689602638,202112
2021-12-10,3.65,-0.037638851499934844,202112
2021-12-17,3.71,0.016304709024943742,202112
2021-12-24,3.56,-0.04127133175540476,202112
2021-12-31,3.82,0.07048987775454463,202112
2022-01-07,3.83,0.00261438057407104,202201
2022-01-14,4.37,0.13189820591494406,202201
2022-01-21,4.11,-0.061339980599355526,202201
2022-01-28,5.69,0.32528721963009644,202201
2022-02-04,5.34,-0.06348459516613625,202202
2022-02-11,4.04,-0.2789809609990448,202202
2022-02-18,4.61,0.13198316503549856,202202
2022-02-25,4.63,0.004329011089585499,202202
2022-03-04,4.74,0.023480267608842365,202203
2022-03-11,4.79,0.01049327571583869,202203
2022-03-18,4.87,0.01656352567167474,202203
2022-03-25,5.51,0.12347068607032452,202203
2022-04-01,5.43,-0.014625489218978993,202204
2022-04-08,6.38,0.16122896341085435,202204
2022-04-15,6.94,0.0841336771620147,202204
2022-04-22,6.59,-0.0517484260042973,202204
2022-04-29,6.84,0.037234383120043235,202204
2022-05-06,8.35,0.1994738072283051,202205
2022-05-13,7.75,-0.07456869549750866,202205
2022-05-20,7.97,0.027991649436868382,202205
2022-05-27,8.3,0.0405710220004285,202205
2022-06-03,8.34,0.004807701568103173,202206
2022-06-10,8.78,0.05141319127636956,202206
2022-06-17,7.37,-0.17505870144577984,202206
2022-06-24,5.8,-0.23955978864887162,202206
2022-07-01,5.75,-0.008658062743114536,202207
2022-07-08,6.4,0.10709813555636716,202207
2022-07-15,6.6,0.030771658666753465,202207
2022-07-22,8.25,0.2231435513142097,202207
2022-07-29,8.33,0.009650255832161836,202207
2022-08-05,8.3,-0.0036079413761989088,202208
2022-08-12,8.73,0.05050985504895866,202208
2022-08-19,9.14,0.045895015614547674,202208
2022-08-26,9.48,0.036523930800871796,202208
2022-09-02,9.18,-0.03215711163453161,202209
2022-09-09,8.31,-0.09956759576504215,202209
2022-09-16,8.11,-0.024361740740035387,202209
2022-09-23,6.75,-0.1835553632428828,202209
2022-09-30,6.4,-0.05324451451881229,202209
2022-10-07,6.25,-0.023716526617316047,202210
2022-10-14,6.1,-0.02429269256904476,202210
2022-10-21,4.45,-0.31538467500111667,202210
2022-10-28,5.02,0.12052583752548895,202210
2022-11-04,4.0,-0.22713557258374717,202211
2022-11-11,4.8,0.18232155679395468,202211
2022-11-18,6.1,0.2396728532654202,202211
2022-11-25,6.57,0.0742250613172537,202211
2022-12-02,4.92,-0.28920530199230243,202212
2022-12-09,4.98,0.012121360532344916,202212
2022-12-16,6.63,0.28617491316120947,202212
2022-12-23,7.15,0.07550755250814523,202212
2022-12-30,3.52,-0.7086513670959107,202212
2023-01-06,3.43,-0.025900728432157072,202301
2023-01-13,3.43,0.0,202301
2023-01-20,3.15,-0.08515780834030684,202301
2023-01-27,2.83,-0.10712574118239537,202301
2023-02-03,2.4,-0.1648079743012465,202302
2023-02-10,2.37,-0.01257878220686004,202302
2023-02-17,2.28,-0.03871451218069044,202302
2023-02-24,2.36,0.03448617607116933,202302
2023-03-03,2.66,0.11966450375608906,202303
2023-03-10,2.4,-0.1028573854397079,202303
2023-03-17,2.42,0.008298802814695194,202303
2023-03-24,2.04,-0.17081773231247,202303
2023-03-31,2.1,0.028987536873252284,202303
2023-04-07,2.18,0.03738753207162038,202304
2023-04-14,1.87,-0.15338644593450235,202304
2023-04-21,2.2,0.1625189294977749,202304
2023-04-28,2.27,0.031322471129041074,202304
2023-05-05,1.85,-0.20459419240307786,202305
2023-05-12,1.98,0.06791120561621034,202305
2023-05-19,2.37,0.17979311044059598,202305
2023-05-26,1.88,-0.23161817830518205,202305
2023-06-02,1.74,-0.07738666361542013,202306
2023-06-09,1.85,0.06130052586379586,202306
2023-06-16,2.13,0.14093634063110017,202306
2023-06-23,2.22,0.04138521616285451,202306
2023-06-30,2.48,0.1107513642927026,202306
2023-07-07,2.49,0.004024150299725582,202307
2023-07-14,2.5,0.004008021397538752,202307
2023-07-21,2.61,0.04305948946044691,202307
2023-07-28,2.53,-0.03113091859517325,202307
2023-08-04,2.53,0.0,202308
2023-08-11,2.61,0.03113091859517325,202308
2023-08-18,2.44,-0.06735218202949156,202308
2023-08-25,2.46,0.008163310639160981,202308
2023-09-01,2.7,0.093090423066012,202309
2023-09-08,2.53,-0.06503247027085468,202309
2023-09-15,2.74,0.07973861766055013,202309
2023-09-22,2.63,-0.040974074210305744,202309
2023-09-29,2.68,0.018832948333092236,202309
2023-10-06,3.3,0.20810567394966917,202310
2023-10-13,3.11,-0.059299742281291756,202310
2023-10-20,2.6,-0.17911128116370645,202310
2023-10-27,3.24,0.22006188477680177,202310
2023-11-03,3.0,-0.07696104113612834,202311
2023-11-10,2.71,-0.10166365377650022,202311
2023-11-17,2.62,-0.033774317118604014,202311
2023-11-24,2.72,0.0374575625349004,202311
2023-12-01,2.63,-0.033648034118232806,202312
2023-12-08,2.57,-0.023077947282544753,202312
2023-12-15,2.44,-0.051907859602017936,202312
2023-12-22,2.54,0.04016604172533478,202312
2023-12-29,2.58,0.01562531790308086,202312
2024-01-05,2.75,0.06381151274495378,202401
2024-01-12,13.2,1.5686159179138452,202401
2024-01-19,2.7,-1.5869650565820417,202401
2024-01-26,2.36,-0.13459015397276475,202401
2024-02-02,2.01,-0.16052689696653444,202402
2024-02-09,1.74,-0.14424960884454663,202402
2024-02-16,1.55,-0.11563018229528232,202402
2024-02-23,1.52,-0.019544596072970266,202402
2024-03-01,1.47,-0.03344793406754015,202403
2024-03-08,1.54,0.04652001563489294,202403
2024-03-15,1.38,-0.10969891725642461,202403
2024-03-22,1.5,0.08338160893905117,202403
2024-03-29,1.54,0.026317308317373445,202403
2024-04-05,1.58,0.025642430613337652,202404
2024-04-12,1.36,-0.14994014729091476,202404
2024-04-19,1.43,0.05018974452385516,202404
2024-04-26,1.4,-0.02120220765060299,202404
2024-05-03,1.67,0.17635138980745085,202405
2024-05-10,2.14,0.2479822026050964,202405
2024-05-17,2.44,0.1311922102713503,202405
2024-05-24,2.22,-0.09449084342092229,202405
2024-05-31,1.78,-0.22089383158019438,202405
2024-06-07,2.46,0.32354798564027765,202406
2024-06-14,2.74,0.10779657045570745,202406
2024-06-21,2.44,-0.11595988109486843,202406
2024-06-28,2.42,-0.008230499136515412,202406
2024-07-05,2.02,-0.18067002875548166,202407
2024-07-12,2.17,0.07162965613925476,202407
2024-07-19,1.88,-0.1434553907105104,202407
2024-07-26,1.98,0.05182506786458607,202407
2024-08-02,1.89,-0.04652001563489283,202408
2024-08-09,1.94,0.02611114400368575,202408
2024-08-16,2.01,0.03544674899574751,202408
2024-08-23,1.82,-0.09929822098228025,202408
2024-08-30,1.93,0.05868350182809012,202408
2024-09-06,2.09,0.07964406305992544,202409
2024-09-13,2.25,0.0737661502396092,202409
2024-09-20,2.2,-0.022472855852058493,202409
2024-09-27,2.53,0.1397619423751585,202409
2024-10-04,2.49,-0.01593659226281241,202410
2024-10-11,2.31,-0.07503518594291414,202410
2024-10-18,1.82,-0.2384110234449982,202410
2024-10-25,1.93,0.05868350182809012,202410
2024-11-01,1.42,-0.3068631313036248,202411
2024-11-08,1.21,-0.16003651200451963,202411
2024-11-15,1.65,0.31015492830383945,202411
2024-11-22,2.41,0.3788514595900745,202411
2024-11-29,3.39,0.3412031738897954,202411
2024-12-06,2.83,-0.18055320973721267,202412
2024-12-13,3.15,0.10712574118239537,202412
2024-12-20,3.1,-0.016000341346441127,202412
2024-12-27,2.91,-0.06324903030769935,202412
2025-01-03,3.4,0.15562235043871442,202501
2025-01-10,4.13,0.1945019753508257,202501
2025-01-17,9.86,0.8702087616416025,202501
2025-01-24,3.84,-0.9430138020149084,202501
2025-01-31,2.93,-0.27046994357065945,202501
2025-02-07,3.32,0.12496235989942095,202502
2025-02-14,4.6,0.32609152056665214,202502
2025-02-21,4.43,-0.03765671943800486,202502
2025-02-28,3.91,-0.12486221005976983,202502
2025-03-07,4.39,0.11579185308980544,202503
2025-03-14,3.89,-0.12092006945672495,202503
2025-03-21,3.93,0.010230268250814856,202503
2025-03-28,3.89,-0.010230268250814856,202503
2025-04-04,4.04,0.0378355343427037,202504
2025-04-11,3.44,-0.16077322058775168,202504
2025-04-18,2.94,-0.1570618900347167,202504
2025-04-25,2.71,-0.08146094645898072,202504
2025-05-02,3.1,0.13445347659949103,202505
2025-05-09,3.22,0.03797924806521635,202505
2025-05-16,3.01,-0.06744128079553269,202505
2025-05-23,2.93,-0.026937655731808174,202505
2025-05-30,2.86,-0.02418079819721486,202505
2025-06-06,2.68,-0.06500483030899584,202506
2025-06-13,2.65,-0.011257154524634605,202506
2025-06-20,3.09,0.15361145091152328,202506
2025-06-27,3.23,0.04431104632491101,202506
2025-07-04,3.24,0.0030911925696730513,202507
2025-07-11,3.22,-0.006191970247921175,202507
2025-07-18,3.5,0.08338160893905111,202507
2025-07-25,3.1,-0.12136085700426746,202507
2025-08-01,3.0,-0.03278982282299081,202508
2025-08-08,3.03,0.009950330853167877,202508
2025-08-15,2.98,-0.016639319003964648,202508
2025-08-22,2.76,-0.07669262078825456,202508
2025-08-29,2.88,0.04255961441879608,202508
2025-09-05,3.05,0.05735129647146575,202509
2025-09-12,2.86,-0.06431996578755905,202509
2025-09-19,2.89,0.010434877292579525,202509
2025-09-26,2.9,0.0034542348680874913,202509
2025-10-03,3.19,0.09531017980432499,202510
2025-10-10,2.9,-0.09531017980432499,202510
2025-10-17,2.65,-0.09015109699429746,202510
2025-10-24,3.21,0.19171129714379365,202510
2025-10-31,3.57,0.10629465864962317,202510
2025-11-07,3.76,0.051853361610255444,202511
2025-11-14,3.49,-0.07451722118746718,202511
2025-11-21,4.13,0.1683756707586055,202511
2025-11-28,4.59,0.10560261709951235,202511
2025-12-05,5.19,0.12285367310534356,202512
2025-12-12,4.07,-0.24309069772329361,202512
2025-12-19,3.58,-0.1282801990418947,202512
2025-12-26,3.31,-0.07841461102363745,202512
2026-01-02,4.35,0.2732276557116211,202601
