YYYYMM,Natural Gas Gross Withdrawals,Natural Gas Marketed Production (Wet),NGPL Production,Natural Gas Production (Dry),Supplemental Gaseous Fuels,Natural Gas Imports,Natural Gas Exports,Natural Gas Net Imports,Natural Gas Net Storage Withdrawals,Natural Gas Balancing Item,Natural Gas Consumption
197301,,1948,79,1869,,92.694,5.808,86.887,,,2348
197302,,1962,79,1883,,83.87,6.079,77.791,,,2126
197303,,1907,77,1830,,91.581,4.021,87.56,,,2015
197304,,1814,73,1741,,88.407,8.017,80.39,,,1835
197305,,1898,77,1821,,85.844,8.741,77.103,,,1729
197306,,1839,74,1765,,79.121,4.131,74.989,,,1534
197307,,1880,76,1804,,79.428,5.744,73.684,,,1558
197308,,1896,77,1819,,84.4,8.726,75.674,,,1582
197309,,1840,74,1766,,81.157,6.403,74.754,,,1527
197310,,1875,76,1799,,92.151,5.473,86.679,,,1708
197311,,1863,75,1788,,85.784,5.545,80.239,,,1905
197312,,1926,78,1848,,88.466,8.481,79.985,,,2182
197401,,1930,79,1851,,85.815,5.661,80.154,,,2230
197402,,1760,72,1688,,78.919,5.949,72.97,,,2054
197403,,1895,78,1817,,85.19,6.677,78.513,,,2003
197404,,1780,73,1707,,83.371,6.273,77.099,,,1691
197405,,1847,76,1771,,79.764,5.481,74.283,,,1608
197406,,1740,71,1669,,74.245,7.61,66.635,,,1439
197407,,1818,75,1743,,73.247,8.072,65.175,,,1514
197408,,1790,74,1716,,76.037,5.332,70.705,,,1510
197409,,1755,72,1683,,70.511,6.397,64.114,,,1537
197410,,1767,73,1694,,82.625,5.332,77.293,,,1706
197411,,1729,71,1658,,83.107,7.039,76.068,,,1827
197412,,1790,74,1716,,86.454,6.966,79.488,,,2104
197501,,1779,77,1702,,80.824,3.959,76.865,,,2248
197502,,1645,71,1574,,74.496,6.982,67.514,,,1939
197503,,1738,75,1663,,83.38,6.265,77.115,,,1903
197504,,1672,73,1599,,82.132,5.815,76.317,,,1575
197505,,1689,73,1616,,79.818,6.677,73.141,,,1331
197506,,1634,71,1563,,76.307,3.624,72.683,,,1257
197507,,1677,73,1604,,80.037,8.091,71.947,,,1313
197508,,1677,73,1604,,75.311,6.288,69.023,,,1369
197509,,1603,70,1533,,73.606,6.037,67.569,-189,-41.569,1370
197510,,1646,71,1575,,80.468,5.987,74.481,-139,33.519,1544
197511,,1618,70,1548,,80.761,5.202,75.559,48,-31.559,1640
197512,,1730,75,1655,,85.867,7.748,78.119,333,-17.119,2049
197601,,1751,75,1676,,84.395,5.323,79.072,472,63.928,2291
197602,,1647,71,1576,,78.024,5.337,72.687,186,103.313,1938
197603,,1714,73,1641,,84.91,6.007,78.903,114,-112.903,1721
197604,,1623,69,1554,,85.94,5.64,80.3,-97,-29.3,1508
197605,,1673,72,1601,,81.65,4.664,76.985,-198,-45.985,1434
197606,,1640,70,1570,,75.785,4.755,71.03,-248,-58.03,1335
197607,,1676,72,1604,,73.108,5.997,67.112,-265,-34.112,1372
197608,,1636,70,1566,,76.539,5.578,70.961,-252,-67.961,1317
197609,,1565,67,1498,,74.125,6.54,67.585,-213,-50.585,1302
197610,,1639,70,1569,,85.257,4.87,80.387,-14,-14.387,1621
197611,,1636,70,1566,,80.926,5.163,75.764,234,-0.764,1875
197612,,1753,75,1678,,83.11,4.837,78.273,447,28.727,2232
197701,,1740,75,1665,,86.944,4.785,82.159,647,12.841,2407
197702,,1674,72,1602,,91.751,4.574,87.177,136,-9.177,1816
197703,,1751,75,1676,,100.826,4.289,96.537,-50,-7.537,1715
197704,,1644,71,1573,,84.474,3.188,81.287,-204,-11.287,1439
197705,,1692,73,1619,,85.697,3.158,82.539,-301,-21.539,1379
197706,,1649,71,1578,,76.247,4.6,71.647,-294,-22.647,1333
197707,,1674,72,1602,,72.499,7.016,65.483,-321,-21.483,1325
197708,,1645,71,1574,,76.453,5.141,71.312,-259,-22.312,1364
197709,,1599,69,1530,,75.446,4.621,70.825,-251,77.175,1427
197710,,1628,70,1558,,84.828,4.622,80.207,-108,-12.207,1518
197711,,1606,69,1537,,86.3,4.735,81.565,77,-5.565,1690
197712,,1726,74,1652,,89.536,4.896,84.64,372,-0.64,2108
197801,,1743,74,1669,,85.796,5.005,80.791,641,-8.791,2382
197802,,1649,70,1579,,77.256,4.908,72.348,505,-17.348,2139
197803,,1748,75,1673,,85.621,4.775,80.846,186,-21.846,1918
197804,,1668,71,1597,,78.313,3.182,75.132,-108,-25.132,1539
197805,,1664,71,1593,,73.829,4.615,69.214,-255,-27.214,1380
197806,,1623,69,1554,,68.327,4.592,63.734,-339,-29.734,1249
197807,,1693,72,1621,,71.557,4.616,66.941,-325,-29.941,1333
197808,,1658,71,1587,,73.604,4.615,68.989,-339,-31.989,1285
197809,,1576,67,1509,,73.236,6.097,67.139,-313,-28.139,1235
197810,,1635,70,1565,,80.197,3.236,76.961,-176,-25.961,1440
197811,,1607,69,1538,,90.783,3.307,87.476,54,-21.476,1658
197812,,1710,73,1637,,107.026,3.584,103.442,349,-20.442,2069
197901,,1772,70,1702,,102.237,6.589,95.648,655,-26.648,2426
197902,,1656,65,1591,,96.612,4.899,91.714,546,-24.714,2204
197903,,1755,69,1686,,112.962,4.789,108.173,116,-29.173,1881
197904,,1693,67,1626,,105.864,4.664,101.2,-102,-31.2,1594
197905,,1716,68,1648,,104.317,4.652,99.665,-284,-34.665,1429
197906,,1643,65,1578,,100.633,4.61,96.023,-329,-36.023,1309
197907,,1662,66,1596,,103.754,6.075,97.679,-329,-34.679,1330
197908,,1689,67,1622,,96.985,4.628,92.357,-336,-36.357,1342
197909,,1635,65,1570,,97.936,4.645,93.291,-300,-34.291,1329
197910,,1705,67,1638,,107.418,3.18,104.238,-155,-30.238,1557
197911,,1724,68,1656,,114.564,3.395,111.17,28,-27.17,1768
197912,,1823,72,1751,,110.099,3.548,106.551,242,-27.551,2072
198001,1960,1821,70,1751,17,118.006,6.444,111.562,416,-57.819,2237.743
198002,1840,1709,66,1643,16,108.192,4.857,103.335,440,-55.564,2146.771
198003,1971,1830,70,1760,16,108.648,4.799,103.849,231,-56.904,2053.945
198004,1806,1670,64,1606,12,77.257,3.245,74.012,-104,-53.406,1534.606
198005,1840,1695,65,1630,11,70.207,3.144,67.063,-297,-54.177,1356.886
198006,1725,1586,61,1525,10,61.256,3.147,58.109,-287,-51.215,1254.894
198007,1756,1616,62,1554,10,60.6,2.585,58.015,-273,-53.676,1295.339
198008,1716,1576,61,1515,10,59.966,2.598,57.368,-250,-50.025,1282.343
198009,1723,1579,61,1518,10,60.19,5.051,55.139,-235,-48.853,1299.286
198010,1790,1648,63,1585,12,74.355,4.546,69.809,-93,-51.543,1522.266
198011,1790,1652,64,1588,14,88.279,3.5,84.779,127,-53.22,1760.559
198012,1949,1798,69,1729,16,97.806,4.818,92.988,348,-57.031,2128.957
198101,1890,1752,68,1684,20,91.149,5.468,85.681,533,-44.075,2278.606
198102,1702,1573,61,1512,17,84.706,4.696,80.01,325,-39.007,1895.003
198103,1871,1735,67,1668,17,79.82,5.32,74.5,183,-43.069,1899.431
198104,1808,1674,65,1609,14,69.337,4.539,64.798,-157,-42.745,1488.053
198105,1838,1698,66,1632,13,62.377,3.524,58.853,-234,-43.543,1426.31
198106,1770,1634,63,1571,12,64.923,4.953,59.97,-293,-41.195,1308.775
198107,1797,1663,65,1598,12,66.184,5.336,60.848,-315,-42.182,1313.666
198108,1841,1705,66,1639,12,64.45,4.975,59.475,-354,-43.911,1312.564
198109,1716,1577,61,1516,12,67.316,5.776,61.54,-284,-40.712,1264.828
198110,1781,1643,64,1579,14,79.204,5.108,74.096,-107,-41.426,1518.67
198111,1714,1583,61,1522,15,81.94,5.14,76.8,45,-39.989,1618.811
198112,1860,1718,67,1651,19,92.544,4.539,88.005,361,-42.569,2076.436
198201,1870,1733.813,71,1663,19,98.077,3.173,94.904,673,-50.229,2399.675
198202,1716,1589.337,65,1524,16,85.337,4.563,80.774,410,-46.742,1984.032
198203,1822,1680.631,69,1612,15,81.648,4.599,77.049,183,-49.499,1837.55
198204,1719,1586.327,65,1521,12,71.591,1.614,69.977,-73,-44.633,1485.344
198205,1698,1557.228,64,1493,9,65.324,3.074,62.25,-383,-45.402,1135.848
198206,1647,1510.067,62,1448,9,61.213,5.981,55.232,-353,-44.675,1114.557
198207,1672,1531.139,63,1468,9,66.839,4.54,62.299,-350,-44.481,1144.818
198208,1643,1497.022,61,1436,9,60.809,5.983,54.826,-306,-42.475,1151.351
198209,1574,1435.813,59,1377,9,65.515,4.515,61,-265,-41.768,1140.232
198210,1615,1464.912,60,1405,11,76.522,4.53,71.992,-135,-42.989,1310.003
198211,1627,1480.967,61,1420,13,90.532,4.58,85.952,83,-42.475,1559.477
198212,1669,1515.084,62,1453,14,109.928,4.575,105.353,211,-44.723,1738.63
198301,1748.117,1596.121,71.966,1524.154,15.587,112.108,4.59,107.518,582.943,-16.988,2213.214
198302,1521.467,1386.471,63.97,1322.501,11.99,94.673,4.572,90.101,286.511,132.187,1843.29
198303,1577.466,1426.469,65.969,1360.5,11.99,85.912,4.585,81.327,361.924,-68.589,1747.152
198304,1542.366,1395.369,61.971,1333.398,9.592,73.644,4.559,69.085,-6.385,90.851,1496.541
198305,1532.055,1392.06,61.971,1330.089,8.393,61.135,4.583,56.552,-171.903,7.575,1230.706
198306,1495.326,1348.33,59.972,1288.358,8.393,58.866,3.075,55.791,-230.655,-55.375,1066.512
198307,1551.881,1397.885,62.971,1334.914,8.393,58.094,4.548,53.546,-248.608,-86.27,1061.975
198308,1532.451,1377.455,65.969,1311.486,9.592,55.511,6.031,49.48,-223.45,-47.438,1099.67
198309,1462.65,1312.654,63.97,1248.684,9.592,66.866,4.482,62.384,-200.452,-81.944,1038.264
198310,1531.355,1380.359,67.968,1312.391,9.592,64.236,4.449,59.787,-144.022,-136.745,1101.002
198311,1521.775,1376.78,67.968,1308.812,13.189,80.498,4.567,75.931,182.137,-289.812,1290.257
198312,1642.136,1494.141,74.965,1419.176,15.587,106.865,4.597,102.268,259.261,-149.964,1646.329
198401,1895.481,1730.382,79.082,1651.3,12.997,97.339,4.585,92.754,524.324,58.723,2340.098
198402,1655.189,1503.097,69.071,1434.026,9.998,68.9,4.557,64.343,248.679,197.764,1954.809
198403,1699.551,1546.46,71.073,1475.387,9.998,69.161,5.998,63.163,321.586,-29.828,1840.305
198404,1671.84,1512.744,69.072,1443.672,7.998,71.215,4.539,66.676,-44.947,125.223,1598.622
198405,1675.256,1509.156,69.071,1440.085,6.999,65.967,4.559,61.408,-227.717,65.097,1345.87
198406,1623.846,1461.748,67.069,1394.679,6.999,59.292,3.047,56.245,-300.626,18.096,1175.392
198407,1682.57,1515.471,69.072,1446.399,6.999,55.459,4.542,50.917,-323.598,-28.412,1152.304
198408,1658.423,1493.323,68.071,1425.252,7.998,54.104,4.573,49.531,-292.637,-36.266,1153.879
198409,1580.166,1423.071,65.067,1358.004,7.998,56.831,4.549,52.282,-263.673,-69.562,1085.049
198410,1667.575,1496.471,69.071,1427.4,7.998,65.822,4.584,61.238,-198.754,-117.707,1180.176
198411,1661.692,1492.591,68.071,1424.52,10.998,84.502,4.578,79.924,145.809,-268.886,1392.366
198412,1794.932,1619.824,74.077,1545.747,12.997,94.469,4.642,89.827,214.721,-131.635,1731.657
198501,1833.462,1642.424,77.225,1565.199,12.734,103.893,4.668,99.225,619.288,-194.739,2101.708
198502,1672.775,1491.742,70.205,1421.537,8.816,99.497,4.607,94.89,399.517,222.392,2147.152
198503,1689.944,1489.912,71.205,1418.707,7.836,89.554,6.065,83.489,126.77,83.441,1720.244
198504,1601.171,1403.129,66.193,1336.937,10.775,75.513,4.624,70.889,-117.062,144.343,1445.883
198505,1585.096,1389.055,66.191,1322.864,10.775,73.439,1.642,71.797,-276.97,18.876,1147.342
198506,1526.158,1341.112,63.184,1277.928,9.796,65.422,4.578,60.844,-225.987,-46.095,1076.486
198507,1570.088,1374.047,65.189,1308.858,11.755,59.497,6.053,53.444,-269.992,14.702,1118.766
198508,1559.116,1371.076,65.188,1305.887,11.755,60.519,4.585,55.934,-233.004,-22.419,1118.153
198509,1536.11,1344.066,64.185,1279.881,8.816,63.268,4.562,58.706,-256.972,-49.299,1041.132
198510,1594.82,1399.778,66.192,1333.586,11.755,75.802,4.59,71.212,-132.041,-137.21,1147.302
198511,1605.066,1404.027,66.193,1337.835,8.816,77.078,4.651,72.427,107.791,-214.024,1312.844
198512,1832.894,1619.859,75.222,1544.637,12.734,106.233,4.644,101.589,493.417,-248.447,1903.931
198601,1822.072,1620.898,76.389,1544.509,11.709,99.415,4.674,94.741,373.193,128.532,2152.685
198602,1590.678,1406.522,67.47,1339.053,10.733,74.182,3.174,71.008,321.18,143.079,1885.053
198603,1697.033,1492.857,71.437,1421.419,10.733,54.684,5.297,49.387,106.158,143.793,1731.49
198604,1532.501,1341.33,64.494,1276.836,7.806,42.512,5.826,36.686,-68.872,95.377,1347.833
198605,1559.058,1366.904,65.485,1301.42,7.806,52.179,3.017,49.162,-217.801,24.805,1165.392
198606,1488.517,1307.343,62.507,1244.836,7.806,44.427,5.98,38.447,-235.808,-19.104,1036.177
198607,1530.478,1349.304,64.491,1284.813,7.806,48.382,5.65,42.732,-251.791,-52.596,1030.964
198608,1531.488,1352.305,67.49,1284.815,7.806,50.58,6.125,44.456,-258.79,-83.451,994.837
198609,1449.958,1284.803,62.516,1222.287,7.806,54.479,4.553,49.926,-218.82,-121.27,939.93
198610,1549.075,1358.93,64.488,1294.442,8.782,68.628,5.453,63.174,-143.847,-206.123,1016.429
198611,1635.61,1435.435,62.459,1372.976,9.758,70.483,5.985,64.498,126.128,-329.116,1244.243
198612,1744.243,1542.043,70.419,1471.624,14.637,90.497,5.537,84.96,322.161,-217.116,1676.265
198701,1830.364,1612.362,73.751,1538.611,10.422,100.779,5.119,95.66,483.399,-3.286,2124.807
198702,1648.472,1449.437,66.777,1382.661,8.527,83.911,3.431,80.48,290.252,156.323,1918.243
198703,1745.201,1530.167,69.764,1460.403,8.527,85.778,4.619,81.159,108.187,89.437,1747.714
198704,1646.758,1427.734,66.781,1360.953,7.58,68.486,3.153,65.333,-64.881,67.256,1436.241
198705,1641.199,1411.172,65.783,1345.389,6.632,61.422,3.12,58.302,-269.9,42.665,1183.088
198706,1575.395,1351.361,62.792,1288.569,6.632,57.709,4.57,53.139,-230.917,-19.34,1098.082
198707,1592.419,1371.426,64.79,1306.636,7.58,66.211,4.557,61.654,-202.918,-80.57,1092.381
198708,1617.677,1395.657,65.786,1329.871,7.58,74.702,4.557,70.145,-201.903,-81.058,1124.635
198709,1546.332,1331.313,62.796,1268.517,6.632,72.837,4.554,68.283,-211.925,-88.039,1043.469
198710,1691.308,1446.264,66.777,1379.487,7.58,93.094,5.233,87.861,-61.896,-192.906,1220.126
198711,1730.252,1490.212,69.771,1420.441,8.527,107.092,6.432,100.659,50.144,-164.089,1415.682
198712,1874.822,1615.796,76.752,1539.043,15.16,120.51,4.674,115.836,306.288,-169.987,1806.34
198801,1931.603,1663.703,75.893,1587.81,11.783,137.865,4.765,133.1,539.277,-85.376,2186.595
198802,1758.595,1514.696,68.902,1445.794,10.801,116.223,4.65,111.573,412.222,57.306,2037.697
198803,1833.049,1580.151,71.898,1508.253,9.819,111.816,6.218,105.598,160.148,83.129,1866.947
198804,1690.503,1446.606,65.907,1380.7,7.855,94.722,6.354,88.368,-72.905,59.638,1463.656
198805,1730.34,1481.44,67.904,1413.536,6.873,93.37,3.777,89.593,-241.886,34.318,1302.434
198806,1660.533,1407.635,63.909,1343.726,6.873,93.165,8.469,84.696,-243.893,-21.041,1170.361
198807,1680.284,1426.395,64.908,1361.487,6.873,99.844,4.892,94.952,-257.883,-28.943,1176.486
198808,1697.417,1446.517,65.907,1380.611,6.873,95.434,6.008,89.425,-235.883,-18.611,1222.415
198809,1614.511,1364.613,61.912,1302.701,5.891,95.861,7.187,88.674,-267.877,-30.756,1098.633
198810,1753.272,1482.372,66.904,1415.467,7.855,106.884,5.497,101.387,-109.893,-182.891,1231.925
198811,1777.887,1510.986,68.903,1442.084,8.837,120.685,6.771,113.914,42.109,-154.44,1452.505
198812,1871.261,1593.349,72.897,1520.452,10.801,127.943,9.05,118.893,335.198,-165.41,1819.933
198901,1871.079,1607.03,69.956,1537.074,10.974,119.269,6.722,112.548,373.844,6.67,2041.11
198902,1717.41,1484.383,63.959,1420.424,9.976,110.218,7.253,102.965,581.789,-85.633,2029.521
198903,1814.437,1573.421,67.957,1505.464,9.976,113.196,11.127,102.069,262.847,91.018,1971.375
198904,1742.633,1498.615,64.959,1433.656,7.981,110.335,11.137,99.198,-45.099,113.311,1609.047
198905,1775.667,1518.64,65.958,1452.682,7.981,107.98,8.03,99.95,-283.112,101.178,1378.679
198906,1688.471,1456.458,62.96,1393.498,6.983,103.706,8.943,94.763,-360.12,96.326,1231.45
198907,1725.453,1484.431,63.959,1420.472,7.981,101.486,8.681,92.805,-348.122,84.856,1257.991
198908,1720.256,1473.242,62.96,1410.282,7.981,107.77,9.148,98.622,-333.118,68.53,1252.297
198909,1649.263,1402.249,59.962,1342.287,6.983,116.763,8.998,107.766,-286.109,41.635,1212.562
198910,1724.142,1472.124,63.959,1408.165,8.979,122.663,10.453,112.211,-129.098,-32.543,1367.713
198911,1789.778,1532.751,65.958,1466.793,8.979,123.159,7.909,115.25,122.894,-123.689,1590.227
198912,1855.838,1591.803,71.954,1519.849,11.971,144.973,8.471,136.503,769.715,-261.008,2177.029
199001,1938.977,1688.405,71.222,1617.183,12.028,140.176,13.694,126.482,261.319,147.187,2164.199
199002,1719.684,1504.126,63.446,1440.68,10.525,117.576,7.641,109.935,275.146,27.733,1864.019
199003,1841.822,1595.556,67.309,1528.247,11.394,115.979,11.333,104.646,140.205,44.829,1829.32
199004,1752.771,1512.357,63.584,1448.773,10.683,123.36,6.155,117.205,-51.87,107.009,1631.8
199005,1781.076,1529.569,64.522,1465.047,9.165,122.917,5.906,117.011,-260.78,90.391,1420.835
199006,1712.084,1487.364,62.741,1424.623,8.94,117.009,6.209,110.8,-295.855,73.254,1321.763
199007,1757.476,1512.439,63.793,1448.646,9.974,119.686,4.569,115.117,-312.364,52.578,1313.951
199008,1764.953,1518.246,64.038,1454.208,9.04,118.485,4.536,113.95,-291.838,57.594,1342.953
199009,1690.802,1454.351,61.352,1392.999,8.953,119.523,6.597,112.926,-260.295,49.985,1304.567
199010,1841.74,1581.541,66.714,1514.827,9.649,141.974,6.275,135.699,-152.408,-81.142,1426.626
199011,1825.816,1578.68,66.59,1512.09,10.08,139.691,5.897,133.794,12.008,-93.97,1574.002
199012,1895.421,1631.158,68.807,1562.351,12.374,155.884,6.753,149.131,423.798,-168.134,1979.52
199101,1957.667,1685.877,75.926,1609.951,11.556,163.448,9.562,153.886,567.328,-11.472,2331.248
199102,1737.959,1483.427,66.808,1416.619,9.757,137.998,10.566,127.431,296.693,89.149,1939.65
199103,1889.228,1606.874,72.368,1534.506,10.791,151.487,10.001,141.487,168.473,21.108,1876.365
199104,1799.742,1531.264,68.963,1462.302,9.421,143.955,9.039,134.916,-129.824,106.221,1583.035
199105,1786.338,1521.809,68.537,1453.272,8.87,141.292,7.744,133.548,-272.176,60.419,1383.932
199106,1712.514,1450.544,65.327,1385.217,7.545,133.264,6.706,126.558,-284.041,12.543,1247.821
199107,1740.174,1464.959,65.977,1398.982,8.816,134.859,7.83,127.029,-223.661,34.584,1345.751
199108,1740.663,1470.857,66.242,1404.615,8.857,127.139,9.526,117.613,-208.672,13.709,1336.122
199109,1715.762,1463.974,65.932,1398.041,7.791,133.934,10.737,123.197,-225.923,-22.466,1280.641
199110,1863.592,1580.397,71.176,1509.221,9.536,156.635,14.393,142.242,-154.426,-38.145,1468.429
199111,1864.008,1599.756,72.047,1527.708,8.958,168.718,15.105,153.613,209.98,-172.056,1728.204
199112,1942.461,1672.701,75.333,1597.369,10.708,180.585,18.036,162.549,336.434,-66.191,2040.869
199201,1952.053,1663.111,77.495,1585.616,12.137,164.636,16.432,148.203,563.465,-29.005,2280.417
199202,1747.923,1466.733,68.345,1398.388,10.735,175.243,13.986,161.257,418.132,84.16,2072.672
199203,1837.33,1547.288,72.098,1475.189,11.081,180.482,22.511,157.971,323.025,9.835,1977.102
199204,1801.298,1518.106,70.738,1447.368,9.54,176.146,17.754,158.392,-19.635,145.668,1741.334
199205,1841.543,1557.151,72.558,1484.593,8.815,174.312,19.03,155.282,-299.192,126.611,1476.109
199206,1799.501,1514.984,70.593,1444.391,7.86,162.249,17.812,144.436,-348.522,81.659,1329.824
199207,1841.528,1563.702,72.863,1490.839,8.116,167.216,15.868,151.348,-331.105,74.597,1393.796
199208,1798.984,1522.282,70.933,1451.349,8.493,174.733,18.229,156.503,-333.972,56.108,1338.482
199209,1786.2,1507.66,70.252,1437.408,8.483,166.117,18.136,147.982,-321.447,44.003,1316.428
199210,1898.912,1607.569,74.907,1532.661,9.544,176.466,19.272,157.194,-200.864,-77.593,1420.942
199211,1871.098,1587.552,73.974,1513.578,10.873,210.479,18.527,191.952,194.435,-191.738,1719.099
199212,1955.878,1655.671,77.148,1578.522,12.243,209.426,18.724,190.702,528.561,-148.003,2162.025
199301,1965.166,1647.725,76.949,1570.777,12.568,200.07,16.661,183.409,577.677,-28.173,2316.258
199302,1767.708,1480.823,69.154,1411.669,11.23,190.711,12.323,178.388,569.098,28.482,2198.866
199303,1943.064,1626.129,75.94,1550.189,11.621,204.415,16.229,188.186,316.166,111.879,2178.04
199304,1842.904,1542.286,72.025,1470.262,9.564,188.666,11.287,177.379,-112.943,168.427,1712.689
199305,1878.769,1567.985,73.225,1494.76,7.472,171.307,11.324,159.983,-441.43,109.326,1330.112
199306,1794.868,1515.17,70.758,1444.412,8.722,182.364,10.554,171.81,-387.875,107.241,1344.31
199307,1850.299,1547.598,72.273,1475.325,8.4,194.581,12.691,181.889,-362.806,120.885,1423.693
199308,1871.405,1566.351,73.149,1493.203,8.255,197.322,10.623,186.699,-330.076,89.072,1447.153
199309,1832.337,1535.61,71.713,1463.897,7.988,194.027,9.919,184.107,-365.432,41.978,1332.539
199310,1950.32,1620.526,75.679,1544.848,9.742,192.222,8.646,183.576,-158.965,-41.726,1537.474
199311,1965.775,1625.288,75.901,1549.387,11.046,209.619,9.526,200.094,204.631,-157.708,1807.45
199312,2063.028,1706.422,79.69,1626.732,12.391,224.811,10.399,214.412,456.253,-148.53,2161.259
199401,2022.627,1690.77,76.219,1614.551,12.612,240.895,11.097,229.798,785.935,-85.633,2557.263
199402,1815.466,1515.069,68.299,1446.77,10.462,198.661,12.898,185.763,536.654,150.51,2330.159
199403,2028.595,1696.185,76.464,1619.721,9.582,222.858,19.156,203.702,139.69,99.08,2071.776
199404,1924.133,1611.987,72.668,1539.319,8.634,211.749,8.959,202.79,-224.744,145.516,1671.515
199405,1983.962,1668.527,75.217,1593.31,8.289,206.131,8.462,197.67,-415.294,51.382,1435.357
199406,1881.268,1592.186,71.775,1520.411,7.706,200.582,12.596,187.986,-354.69,86.25,1447.663
199407,1942.942,1649.547,74.361,1575.186,8.22,221.166,10.647,210.518,-396.43,58.302,1455.796
199408,1970.795,1656.664,74.682,1581.982,7.629,218.879,13.801,205.078,-353.485,45.626,1486.83
199409,1877.71,1572.818,70.902,1501.916,7.916,209.996,14.236,195.761,-334.324,37.572,1408.841
199410,1981.888,1633.678,73.646,1560.033,8.602,221.627,12.805,208.822,-175.589,-87.517,1514.35
199411,2035.684,1679.577,75.715,1603.862,9.634,225.819,19.384,206.435,102.793,-174.461,1748.263
199412,2115.634,1742.516,78.552,1663.964,11.54,245.477,17.698,227.778,403.566,-187.563,2119.285
199501,2043.131,1676.643,78.028,1598.615,11.881,253.335,13.635,239.7,612.924,-30.815,2432.305
199502,1821.998,1495.384,69.592,1425.792,10.347,235.977,13.115,222.862,531.439,39.849,2230.289
199503,2025.808,1659.694,77.239,1582.455,10.218,250.349,14.63,235.719,227.729,87.209,2143.331
199504,1944.5,1604.162,74.655,1529.508,7.452,231.745,12.138,219.606,-50.615,114.921,1820.872
199505,1996.735,1648.688,76.727,1571.961,7.799,228.259,12.477,215.782,-343.497,164.874,1616.918
199506,1910.423,1586.994,73.856,1513.139,7.781,217.456,15.606,201.85,-379.697,115.449,1458.521
199507,1960.252,1639.474,76.298,1563.176,8.339,222.652,14.552,208.1,-313.341,125.466,1591.74
199508,1964.637,1628.213,75.774,1552.439,8.053,236.891,13.52,223.371,-211.956,89.148,1661.055
199509,1914.391,1580.857,73.57,1507.287,7.429,227.708,11.37,216.338,-321.055,51.607,1461.606
199510,1988.496,1610.256,74.938,1535.318,8.599,236.003,12.25,223.752,-210.39,-26.967,1530.314
199511,2045.375,1656.989,77.113,1579.876,10.43,236.344,12.679,223.666,278.073,-175.042,1917.002
199512,2127.881,1719.118,80.005,1639.114,11.962,264.329,8.146,256.183,595.154,-159.477,2342.935
199601,2049.071,1669.604,80.747,1588.858,12.332,263.615,14.186,249.429,722.755,29.113,2602.488
199602,1937.873,1577.744,76.304,1501.44,10.594,233.756,12.828,220.929,461.636,159.87,2354.467
199603,2051.44,1670.916,80.81,1590.106,10.671,241.526,15.118,226.408,333.231,73.907,2234.322
199604,2000.695,1646.842,79.646,1567.196,9.103,236.857,10.008,226.849,-118.526,173.78,1858.4
199605,2022.453,1676.585,81.085,1595.501,6.416,252.158,8.458,243.699,-339.162,137.459,1643.912
199606,1958.999,1631.55,78.907,1552.644,7.853,226.587,12.138,214.448,-388.174,147.917,1534.687
199607,2007.071,1670.599,80.795,1589.804,8.099,236.864,14.385,222.478,-382.35,99.994,1538.025
199608,2025.37,1675.645,81.039,1594.606,7.848,237.858,17.036,220.822,-357.918,104.43,1569.787
199609,1966.702,1617.688,78.236,1539.452,7.552,237.5,10.566,226.934,-378.767,79.895,1475.066
199610,2030.246,1657.074,80.141,1576.934,8.611,247.52,11.889,235.63,-209.721,-26.095,1585.36
199611,2008.918,1639.885,79.31,1560.576,9.937,251.807,13.979,237.828,272.233,-151.281,1929.292
199612,2054.698,1678.109,81.158,1596.951,10.44,271.366,12.801,258.565,386.728,30.59,2283.273
199701,2086.781,1707.002,82.811,1624.195,10.672,278.288,12.028,266.259,709.028,-69.813,2540.341
199702,1903.271,1546.616,75.031,1471.59,9.354,240.545,12.443,228.102,371.446,193.108,2273.601
199703,2101.041,1717.215,83.307,1633.912,9.204,256.985,16.276,240.709,160.32,112.126,2156.271
199704,1990.883,1636.678,79.4,1557.283,8.452,238.178,13.872,224.306,-60.856,112.852,1842.037
199705,2038.795,1699.199,82.433,1616.771,9.06,241.732,10.097,231.636,-332.86,125.09,1649.697
199706,1949.778,1609.306,78.072,1531.239,6.259,232.118,9.527,222.591,-378.585,154.873,1536.377
199707,2017.602,1671.767,81.102,1590.669,7.475,235.593,10.136,225.458,-292.795,139.855,1670.662
199708,2019.711,1668.595,80.948,1587.651,8.106,244.684,17.633,227.05,-334.069,148.778,1637.517
199709,1985.511,1630.269,79.089,1551.184,6.608,239.486,13.055,226.431,-348.735,103.182,1538.67
199710,2063.389,1685.049,81.746,1603.307,7.864,251.758,12.289,239.469,-217.864,-34.647,1598.128
199711,2005.58,1632.247,79.185,1553.067,9.73,272.091,13.051,259.04,195.783,-86.878,1930.741
199712,2050.335,1662.151,80.636,1581.52,10.37,262.716,16.6,246.116,552.791,-27.496,2363.301
199801,2103.35,1740.662,81.777,1658.885,9.773,286.278,16.632,269.646,485.659,18.675,2442.638
199802,1890.587,1549.369,72.79,1476.58,8.173,251.052,11.346,239.706,301.403,114.158,2140.021
199803,2097.816,1729.596,81.258,1648.339,9.143,263.032,19.488,243.544,254.729,18.879,2174.634
199804,2009.141,1670.166,78.466,1591.701,8.095,253.161,12.886,240.276,-206.048,123.721,1757.746
199805,2053.427,1731.903,81.366,1650.538,7.457,252.31,10.093,242.217,-401.879,94.198,1592.53
199806,1988.362,1660.137,77.994,1582.144,6.215,243.442,13.25,230.192,-336.111,105.296,1587.735
199807,2017.746,1690.82,79.436,1611.386,8.109,266.319,11.166,255.154,-326.254,175.167,1723.562
199808,2037.306,1702.581,79.988,1622.594,7.976,274.809,10.563,264.246,-285.741,127.548,1736.622
199809,1883.936,1545.614,72.614,1473.001,7.83,262.142,11.957,250.185,-230.509,94.932,1595.438
199810,2029.621,1667.795,78.354,1589.442,8.836,266.063,12.975,253.088,-269.396,-28.249,1553.721
199811,1972.556,1615.892,75.916,1539.977,10.114,258.033,12.494,245.538,32.34,-64.69,1763.28
199812,2024.28,1656.813,77.838,1578.976,10.467,275.417,16.157,259.26,452.044,-122.719,2178.028
199901,2065.702,1709.279,83.943,1625.336,10.054,310.79,12.4,298.39,636.093,-16.777,2553.096
199902,1873.657,1540.789,75.668,1465.12,8.254,286.412,12.934,273.478,327.777,68.18,2142.809
199903,2064.381,1705.658,83.765,1621.893,8.408,301.61,16.035,285.575,303.159,-10.402,2208.633
199904,1959.557,1629.521,80.026,1549.496,8.238,271.387,13.001,258.386,-92.245,132.048,1855.922
199905,1975.317,1660.154,81.53,1578.623,8.052,291.454,13.988,277.466,-344.412,65.027,1584.757
199906,1937.399,1620.577,79.587,1540.99,6.322,279.096,11.003,268.093,-314.566,29.455,1530.294
199907,1982.772,1667.637,81.898,1585.739,7.746,296.422,13.294,283.128,-222.562,32.315,1686.365
199908,1986.161,1664.085,81.723,1582.361,7.951,312.081,13.079,299.002,-226.56,61.566,1724.321
199909,1936.842,1610.663,79.1,1531.563,7.308,302.414,12.852,289.562,-322.356,24.595,1530.672
199910,2017.247,1669.079,81.968,1587.111,7.949,304.637,10.161,294.476,-158.756,-101.4,1629.38
199911,1982.844,1640.813,80.58,1560.232,8.441,305.152,18.628,286.524,32.814,-154.898,1733.113
199912,2040.832,1686.596,82.829,1603.767,9.525,324.05,16.04,308.01,553.486,-249,2225.788
200001,2055.436,1708.636,85.911,1622.726,9.019,325.897,17.776,308.122,798.889,-206.313,2532.443
200002,1908.564,1573.807,79.132,1494.676,8.183,300.107,21.015,279.092,460.053,98.65,2340.654
200003,2075.453,1722.304,86.598,1635.707,7.728,306.596,20.505,286.092,155.383,0.55,2085.459
200004,1957.991,1628.474,81.881,1546.594,6.779,294.016,17.015,277.001,-46.764,43.725,1827.336
200005,2001.347,1691.817,85.065,1606.752,6.456,287.793,19.81,267.982,-236.568,91.522,1736.144
200006,1964.009,1651.376,83.032,1568.345,5.835,296.046,16.249,279.797,-291.07,52.996,1615.904
200007,2017.945,1705.843,85.771,1620.073,7.55,322.285,19.546,302.739,-296.001,36.796,1671.158
200008,2038.022,1718.738,86.419,1632.32,7.531,318.308,20.775,297.532,-200.57,76.449,1813.262
200009,1987.026,1663.224,83.628,1579.598,6.43,304.843,20.568,284.275,-297.431,-9.72,1563.151
200010,2097.748,1749.979,87.99,1661.99,7.281,324.527,23.07,301.457,-246.958,-113.716,1610.054
200011,1999.721,1664.842,83.709,1581.133,8.091,329.759,24.767,304.993,294.502,-259.839,1928.879
200012,2070.613,1718.47,86.406,1632.066,9.352,371.425,22.621,348.804,735.239,-116.786,2608.675
200101,2096.948,1753.237,81.309,1671.928,8.754,373.077,25.547,347.531,508.329,140.457,2676.998
200102,1910.051,1582.557,73.394,1509.163,7.331,328.289,26.882,301.408,348.142,143.42,2309.464
200103,2116.381,1766.754,81.936,1684.817,7.995,358.103,32.121,325.982,187.331,40.508,2246.633
200104,2028.145,1703.31,78.994,1624.316,6.456,318.573,23.637,294.936,-284.127,165.589,1807.17
200105,2070.749,1763.141,81.769,1681.372,6.193,321.878,28.981,292.897,-487.75,29.67,1522.382
200106,1993.266,1685.568,78.171,1607.397,5.633,317.414,24.554,292.86,-448.825,-12.687,1444.378
200107,2041.97,1737.185,80.565,1656.62,7.494,364.571,31.219,333.352,-391.874,-7.522,1598.071
200108,2056.737,1737.283,80.57,1656.714,6.483,353.338,28.965,324.373,-312.751,-5.639,1669.178
200109,2009.185,1688.682,78.316,1610.366,6.734,314.864,33.517,281.347,-378.674,-25.646,1494.128
200110,2097.034,1757.397,81.502,1675.894,7.138,326.114,34.452,291.662,-192.991,-132.631,1649.073
200111,2006.035,1671.377,77.513,1593.864,7.747,291.044,41.84,249.204,-73.996,-75.869,1700.95
200112,2074.278,1723.803,79.944,1643.859,8.355,309.673,41.564,268.109,360.894,-161.019,2120.198
200201,2057.728,1700.744,81.851,1618.892,6.108,343.481,34.491,308.989,557.693,-4.043,2487.638
200202,1858.737,1522.916,73.293,1449.623,5.567,305.917,30.383,275.534,473.624,38.079,2242.427
200203,2061.811,1701.456,81.886,1619.57,6.497,332.596,38.141,294.456,326.647,11.261,2258.431
200204,1978.245,1644.193,79.13,1565.063,4.74,315.116,39.194,275.922,-129.161,164.421,1880.985
200205,2027.979,1711.242,82.357,1628.885,4.784,319.404,39.459,279.945,-330.209,28.047,1611.453
200206,1969.276,1648.568,79.34,1569.228,4.557,318.002,44.939,273.063,-350.173,94.698,1591.373
200207,2036.905,1719.187,82.739,1636.448,6.104,344.641,45.032,299.608,-247.988,54.263,1748.435
200208,2018.574,1684.34,81.062,1603.278,5.74,356.013,46.511,309.501,-242.157,49.349,1725.712
200209,1922.715,1592.968,76.665,1516.304,5.001,335.594,46.563,289.031,-275.953,7.788,1542.17
200210,1976.488,1630.246,78.459,1551.787,6.067,343.427,42.109,301.318,-89.275,-124.023,1645.873
200211,1979.436,1634.246,78.651,1555.595,6.278,330.544,54.589,275.955,202.134,-126.334,1913.629
200212,2053.385,1694.674,81.559,1613.115,6.537,370.729,54.821,315.908,571.935,-128.599,2378.895
200301,2056.766,1690.682,74.131,1616.551,6.122,359.168,58.449,300.719,863.065,-85.911,2700.545
200302,1880.691,1537.109,67.398,1469.711,5.796,308.804,56.393,252.411,695.985,76.412,2500.315
200303,2104.114,1739.241,76.26,1662.98,5.475,324.364,51.851,272.514,139.134,117.834,2197.936
200304,2007.565,1665.329,73.02,1592.31,4.594,314.655,48.831,265.823,-162.037,42.839,1743.53
200305,2016.922,1700.46,74.56,1625.9,5.768,325.157,48.519,276.638,-423.28,29.671,1514.697
200306,1970.13,1646.69,72.202,1574.488,4.803,306.878,51.924,254.955,-482.202,16.325,1368.369
200307,1991.705,1667.181,73.101,1594.08,5.793,340.532,48.707,291.825,-371.327,80.113,1600.484
200308,2033.633,1701.056,74.586,1626.469,6.152,331.628,50.962,280.666,-319.008,57.301,1651.58
200309,1976.511,1638.825,71.858,1566.968,4.936,320.676,53.337,267.339,-422.36,11.671,1428.554
200310,2057.161,1694.596,74.303,1620.293,5.268,331.005,62.314,268.691,-291.948,-49.115,1553.189
200311,1977.961,1620.085,71.036,1549.049,6.338,316.721,71.867,244.854,89.023,-135.623,1753.642
200312,2045.819,1673.106,73.361,1599.746,6.661,364.161,76.769,287.392,487.759,-117.899,2263.659
200401,2062.805,1674.398,79.493,1594.905,6.433,373.195,67.024,306.172,834.666,-66.341,2675.834
200402,1920.843,1551.457,73.656,1477.801,6.074,345.93,69.805,276.125,616.816,134.281,2511.097
200403,2076.537,1685.174,80.004,1605.17,5.826,348.992,90.982,258.01,106.231,125.684,2100.921
200404,1995.315,1629.22,77.348,1551.873,5.249,325.105,61.916,263.189,-207.706,132.567,1745.171
200405,2001.333,1654.209,78.534,1575.675,5.973,326.541,60.968,265.573,-390.565,116.388,1573.043
200406,1965.797,1619.097,76.867,1542.23,1.435,341.934,64.227,277.707,-408.909,71.221,1483.684
200407,2019.157,1668.49,79.212,1589.277,2.502,374.651,67.031,307.62,-372.703,58.237,1584.933
200408,2016.57,1654.093,78.529,1575.564,4.94,360.244,67.491,292.753,-355.727,60.432,1577.962
200409,1909.243,1550.376,73.605,1476.771,5.237,344.621,74.439,270.181,-332.837,62.797,1482.15
200410,2009.174,1620.423,76.93,1543.492,5.755,335.533,61.174,274.359,-252.917,-13.466,1557.224
200411,1969.226,1583.72,75.188,1508.532,5.775,368.685,86.431,282.254,65.201,-78.965,1782.796
200412,2023.68,1626.834,77.235,1549.599,5.167,413.128,82.649,330.479,584.179,-141.694,2327.73
200501,2035.036,1632.685,75.608,1557.077,4.016,405.016,91.395,313.621,728.368,-41.225,2561.858
200502,1870.546,1498.281,69.384,1428.897,5.14,356.495,89.576,266.919,438.293,103.738,2242.986
200503,2080.504,1687.347,78.14,1609.208,6.098,379.65,96.22,283.43,292.61,14.442,2205.787
200504,1979.474,1614.614,74.771,1539.843,5.04,326.147,55.538,270.61,-222.066,131.451,1724.877
200505,2010.625,1652.081,76.506,1575.574,4.143,333.997,58.944,275.053,-392.241,60.083,1522.613
200506,1972.975,1611.743,74.638,1537.105,5.32,321.71,54.807,266.903,-332.72,57.514,1534.122
200507,1984.143,1627.427,75.365,1552.062,5.325,386.093,55.048,331.045,-263.803,61.979,1686.609
200508,1988.105,1619.414,74.994,1544.42,5.546,351.805,51.987,299.818,-220.955,66.272,1695.102
200509,1766.603,1400.941,64.876,1336.065,5.473,345.907,43.824,302.083,-280.275,59.149,1422.495
200510,1871.19,1475.622,68.335,1407.287,5.989,366.305,41.025,325.28,-273.309,-37.02,1428.227
200511,1901.758,1514.407,70.131,1444.276,5.665,359.387,44.964,314.423,12.63,-113.596,1663.4
200512,1995.862,1592.533,73.749,1518.785,5.935,408.522,45.272,363.249,565.079,-126.688,2326.36
200601,1975.168,1611,75.204,1535.797,5.573,360.316,55.6,304.716,270.544,48.638,2165.268
200602,1794.241,1450.983,67.734,1383.249,5.705,321.045,58.766,262.279,494.751,-1.606,2144.378
200603,1994.464,1631.383,76.155,1555.228,6.013,348.293,69.434,278.859,205.878,80.391,2126.369
200604,1908.987,1570.546,73.315,1497.231,4.905,332.248,45.181,287.067,-260.451,152.253,1681.005
200605,1956.52,1632.139,76.19,1555.948,3.987,350.535,62.557,287.977,-374.269,52.653,1526.297
200606,1938.796,1614.061,75.346,1538.715,5.719,348.095,65.708,282.387,-317.138,41.197,1550.879
200607,1975.235,1650.313,77.039,1573.274,5.414,370.925,58.874,312.05,-165.554,33.549,1758.733
200608,1989.43,1656.034,77.306,1578.728,5.526,364.972,54.739,310.233,-193.67,50.867,1751.683
200609,1946.109,1617.442,75.504,1541.937,5.454,333.514,52.583,280.931,-364.04,-2.213,1462.07
200610,2025.782,1675.387,78.209,1597.178,5.813,334.016,58.904,275.111,-135.053,-98.818,1644.231
200611,1974.331,1615.322,75.405,1539.917,5.623,339.118,69.688,269.43,51.263,-100.857,1765.375
200612,2055.955,1685.065,78.661,1606.404,6.328,383.205,71.923,311.281,351.395,-152.624,2122.784
200701,2042.882,1652.47,76.119,1576.351,6.19,393.14,69.221,323.919,697.073,-128.808,2474.725
200702,1878.003,1513.461,69.716,1443.745,5.477,372.874,56.539,316.335,746.464,53.932,2565.953
200703,2094.555,1703.085,78.451,1624.634,5.933,401.779,77.036,324.744,55.449,117.57,2128.33
200704,1994.942,1626.673,74.931,1551.743,5.029,386.837,50.736,336.101,-124.992,41.903,1809.783
200705,2066.642,1722.549,79.347,1643.202,3.921,380.213,62.477,317.735,-469.139,64.65,1560.369
200706,2019.862,1666.465,76.764,1589.702,5.215,381.47,57.309,324.161,-397.888,34.567,1555.757
200707,2053.286,1703.237,78.458,1624.779,5.107,418.576,70.66,347.916,-321.265,4.277,1660.814
200708,2076.235,1712.771,78.897,1633.875,5.422,426.534,61.87,364.664,-132.308,25.021,1896.674
200709,2040.241,1674.745,77.145,1597.6,5.423,361.383,65.077,296.306,-305.352,-3.321,1590.656
200710,2122.193,1733.373,79.846,1653.527,5.245,347.224,63.576,283.649,-262.94,-51.879,1627.602
200711,2098.602,1712.314,78.876,1633.438,5.879,340.607,86.458,254.149,126.209,-185.41,1834.266
200712,2176.213,1775.203,81.773,1693.431,4.29,396.945,101.495,295.449,580.767,-175.075,2398.862
200801,2155.041,1765.447,79.73,1685.717,5.092,389.651,109.302,280.349,838.25,-75.818,2733.59
200802,2043.801,1666.095,75.243,1590.851,4.805,349.66,99.374,250.286,603.211,53.57,2502.724
200803,2204.088,1804.065,81.474,1722.591,5.203,366.81,100.351,266.459,225.22,58.226,2277.698
200804,2112.605,1740.229,78.591,1661.637,5.019,322.122,74.343,247.779,-195.178,104.627,1823.885
200805,2153.316,1797.917,81.197,1716.72,5.185,297.154,68.981,228.172,-412.111,39.428,1577.395
200806,2118.791,1760.998,79.529,1681.469,5.079,286.919,61.702,225.217,-349.242,42.387,1604.908
200807,2205.26,1852.724,83.672,1769.052,5.343,322.81,63.345,259.465,-348.598,24.878,1710.14
200808,2193.566,1826.392,82.483,1743.909,5.267,328.663,67.157,261.506,-357.171,30.228,1683.74
200809,1919.52,1559.028,70.408,1488.62,4.496,313.868,55.33,258.538,-306.827,15.208,1460.035
200810,2153.389,1754.251,79.225,1675.027,5.059,321.328,66.843,254.485,-247.853,-51.673,1635.044
200811,2149.851,1757.942,79.391,1678.551,5.07,320.254,90.432,229.821,61.372,-106.38,1868.435
200812,2227.028,1826.966,82.508,1744.458,5.269,364.862,106.101,258.761,523.202,-132.277,2399.413
200901,2251.938,1870.465,88.485,1781.981,5.639,356.749,112.989,243.76,719.202,-20.885,2729.697
200902,2074.167,1704.919,80.653,1624.266,5.14,321.522,103.196,218.326,380.078,103.958,2331.768
200903,2262.488,1875.053,88.702,1786.352,5.652,325.165,103.699,221.466,98.032,59.013,2170.514
200904,2147.856,1783.234,84.358,1698.876,5.376,321.848,80.016,241.832,-256.613,51.773,1741.243
200905,2190.437,1843.327,87.201,1756.127,5.557,265.793,77.072,188.72,-475.321,29.91,1504.992
200906,2140.519,1791.993,84.772,1707.221,5.402,281.97,66.259,215.711,-392.933,-6.991,1528.41
200907,2170.032,1827.798,86.466,1741.332,5.51,316.715,76.273,240.443,-345.053,16.818,1659.05
200908,2192.597,1842.284,87.151,1755.132,5.554,336.848,78.755,258.093,-280.268,-1.175,1737.335
200909,2089.22,1733.98,82.028,1651.952,5.227,307.026,83.786,223.24,-300.893,-4.624,1574.901
200910,2197.157,1814.913,85.857,1729.056,5.471,273.124,78.092,195.032,-171.722,-91.76,1666.078
200911,2144.157,1757.52,83.142,1674.378,5.298,294.918,96.892,198.026,-36.283,-66.254,1775.166
200912,2196.325,1802.449,85.267,1717.182,5.434,349.682,115.328,234.354,707.169,-173.213,2490.925
201001,2210.163,1824.143,86.91,1737.233,5.263,384.586,93.57,291.015,822.494,-46.217,2809.788
201002,2047.815,1682.869,80.179,1602.69,4.855,324.124,87.82,236.304,628.235,8.865,2480.95
201003,2276.546,1864.519,88.833,1775.686,5.379,318.769,99.574,219.195,34.024,108.642,2142.925
201004,2190.27,1813.312,86.394,1726.918,5.232,298.464,75.938,222.526,-364.496,101.633,1691.813
201005,2236.507,1886.476,89.88,1796.596,5.443,297.801,85.725,212.076,-415.697,18.856,1617.274
201006,2138.77,1802.492,85.878,1716.613,5.2,282.26,90.04,192.22,-325.735,61.216,1649.515
201007,2208.753,1896.082,90.337,1805.745,5.471,328.655,85.851,242.803,-230.628,2.437,1825.828
201008,2235.038,1917.995,91.381,1826.614,5.534,304.901,84.164,220.737,-189.558,15.6,1878.926
201009,2238.147,1861.038,88.668,1772.37,5.369,281.518,79.475,202.043,-363.404,21.112,1637.491
201010,2356.947,1956.114,93.197,1862.916,5.644,294.744,95.974,198.769,-360.077,-42.314,1664.938
201011,2276.71,1892.658,90.174,1802.484,5.461,273.165,123.537,149.628,77.18,-61.459,1973.294
201012,2400.418,1984.174,94.534,1889.64,5.725,351.773,135.121,216.652,674.935,-72.897,2714.054
201101,2299.298,1952.732,92.165,1860.566,4.882,371.919,135.721,236.198,811.364,-24.37,2888.64
201102,2104.33,1728.929,81.602,1647.326,4.322,311.154,125.014,186.139,594.134,20.482,2452.403
201103,2410.884,2002.359,94.508,1907.851,5.006,315.408,144.36,171.048,150.896,-4.308,2230.493
201104,2349.72,1960.847,92.549,1868.299,4.902,277.936,126.374,151.563,-216.314,16.574,1825.023
201105,2410.866,2030.695,95.845,1934.85,5.077,271.252,131.797,139.455,-405.45,-6.536,1667.396
201106,2312.943,1954.453,92.247,1862.207,4.886,266.617,119.47,147.147,-345.722,-11.184,1657.334
201107,2340.293,2032.795,95.944,1936.85,5.082,293.477,113.28,180.197,-248.358,16.744,1890.515
201108,2370.44,2056.617,97.069,1959.548,5.141,280.284,111.404,168.88,-249.075,7.289,1891.783
201109,2358.169,1987.134,93.789,1893.345,4.968,251.846,126.744,125.102,-404.114,36.333,1655.634
201110,2502.387,2118.735,100,2018.734,5.297,282.159,109.513,172.646,-390.984,-61.24,1744.454
201111,2475.947,2076.152,97.991,1978.161,5.19,248.908,127.599,121.309,-40.511,-32.278,2031.872
201112,2543.747,2134.904,100.764,2034.141,5.337,297.733,134.374,163.359,390.147,-51.106,2541.878
201201,2571.35,2152.698,106.43,2046.268,5.225,281.131,130.464,150.667,553.237,0.783,2756.18
201202,2360.061,1974.431,97.616,1876.815,4.792,269.906,130.175,139.731,466.869,12.447,2500.654
201203,2524.26,2118.693,104.749,2013.944,5.142,265.152,141.164,123.987,-37.796,22.483,2127.761
201204,2417.498,2044.519,101.082,1943.437,4.962,243.018,123.15,119.868,-140.577,25.381,1953.071
201205,2490.707,2121.367,104.881,2016.486,5.149,259.023,132.979,126.044,-288.414,14.57,1873.835
201206,2376.776,2039.909,100.854,1939.055,4.951,259.732,125.14,134.592,-236.001,25.76,1868.356
201207,2465.064,2162.384,106.909,2055.476,5.248,281.166,118.367,162.799,-137.428,-16.321,2069.773
201208,2373.954,2151.742,106.383,2045.359,5.223,281.35,139.248,142.102,-169.382,-14.486,2008.815
201209,2410.375,2094.289,103.542,1990.747,5.083,257.99,137.374,120.616,-294.63,-14.607,1807.208
201210,2557.14,2168.774,107.225,2061.55,5.264,253.402,139.93,113.472,-245.68,-33.521,1901.084
201211,2471.365,2101.833,103.915,1997.917,5.101,233.853,142.299,91.555,129.353,-56.085,2167.841
201212,2523.763,2152.64,106.427,2046.213,5.225,252.066,158.538,93.528,391.681,-32.739,2503.907
201301,2512.031,2136.4,113.389,2023.011,4.567,278.078,154.442,123.636,732.132,-4.562,2878.785
201302,2269.907,1935.275,102.714,1832.561,4.137,236.875,133.003,103.872,612.753,13.831,2567.155
201303,2504,2136.856,113.413,2023.443,4.568,248.29,148.544,99.747,386.607,6.743,2521.108
201304,2446.307,2094.623,111.172,1983.451,4.478,220.608,125.771,94.838,-141.082,25.773,1967.458
201305,2488.677,2157.048,114.485,2042.563,4.612,234.183,142.071,92.112,-426.168,39.351,1752.469
201306,2385.386,2084.393,110.629,1973.764,4.456,236.69,133.808,102.883,-378.744,40.558,1742.917
201307,2512.441,2196.404,116.574,2079.83,4.696,236.199,128.612,107.587,-280.545,14.762,1926.33
201308,2495.089,2191.677,116.323,2075.354,4.686,236.248,130.324,105.924,-277.858,19.274,1927.379
201309,2414.405,2115.463,112.278,2003.186,4.523,243.881,122.421,121.459,-361.096,-1.099,1766.973
201310,2513.172,2192.6,116.372,2076.228,4.688,220.43,122.406,98.024,-260.928,-51.249,1866.762
201311,2455.169,2143.606,113.771,2029.834,4.583,218.693,113.682,105.011,215.825,-38.344,2316.909
201312,2525.967,2177.887,115.591,2062.296,4.656,273.181,117.329,155.851,725.261,-27.239,2920.826
201401,2580.019,2198.795,128.592,2070.203,4.769,295.356,134.807,160.549,991.698,-23.09,3204.129
201402,2356.978,2033.039,118.898,1914.141,4.41,245.422,138.55,106.873,745.094,-29.277,2741.24
201403,2623.914,2267.138,132.589,2134.549,4.917,234.189,149.508,84.681,363.369,-29.626,2557.89
201404,2583.873,2247.677,131.451,2116.226,4.875,200.669,121.928,78.741,-223.984,-14.18,1961.678
201405,2633.253,2310.058,135.099,2174.959,5.01,206.657,114.105,92.552,-488.355,26.056,1810.222
201406,2560.033,2247.082,131.416,2115.666,4.874,201.655,119.864,81.791,-472.898,15.917,1745.351
201407,2629.156,2371.359,138.684,2232.675,5.143,201.176,127.301,73.875,-408.885,-21.791,1881.017
201408,2644.937,2384.273,139.439,2244.834,5.171,206.554,115.376,91.178,-382.555,-25.567,1933.061
201409,2625.503,2306.544,134.893,2171.651,5.003,201.622,119.891,81.731,-431.027,-18.067,1809.291
201410,2735.719,2407.07,140.772,2266.298,5.221,220.858,115.069,105.789,-409.465,-55.033,1912.81
201411,2661.917,2314.517,135.36,2179.157,5.02,227.485,120.861,106.623,168.361,-101.64,2357.521
201412,2770.08,2410.202,140.956,2269.247,5.228,253.736,136.982,116.754,295.13,-7.194,2679.165
201501,2790.052,2420.352,143.561,2276.791,4.932,279.397,144.522,134.875,740.664,-42.28,3114.982
201502,2520.509,2196.987,130.312,2066.675,4.476,254.23,144.955,109.275,757.21,-12.465,2925.172
201503,2827.524,2443.119,144.911,2298.208,4.978,257.274,163.967,93.307,200.796,-5.961,2591.329
201504,2758.73,2398.44,142.261,2256.179,4.887,205.12,130.328,74.792,-329.264,1.328,2007.922
201505,2790.849,2442.713,144.887,2297.826,4.977,204.348,134.274,70.074,-507.084,-7.645,1858.149
201506,2660.158,2358.416,139.887,2218.529,4.805,206.273,138.179,68.093,-370.037,-21.485,1899.906
201507,2756.222,2444.753,145.008,2299.745,4.981,216.973,143.82,73.153,-291.603,-18.562,2067.714
201508,2744.748,2447.534,145.173,2302.361,4.987,213.875,144.885,68.991,-316.928,-6.684,2052.728
201509,2721.449,2383.531,141.377,2242.155,4.857,208.818,162.573,46.245,-380.599,-11.321,1901.337
201510,2806.078,2445.042,145.025,2300.017,4.982,226.286,158.517,67.768,-338.73,-46.727,1987.31
201511,2726.22,2356.237,139.758,2216.479,4.801,218.242,155.739,62.503,16.475,-51.118,2249.14
201512,2812.11,2434.92,144.425,2290.495,4.961,227.257,161.754,65.503,272.196,-44.988,2588.168
201601,2823.104,2435.375,155.035,2280.34,4.904,273.6,168.521,105.079,741.143,-39.772,3091.695
201602,2653.842,2310.521,147.087,2163.435,4.653,251.775,162.757,89.019,411.17,-16.015,2652.26
201603,2824.983,2441.976,155.455,2286.521,4.917,240.764,194.915,45.849,52.727,-33.717,2356.298
201604,2678.61,2361.554,150.335,2211.218,4.755,241.317,177.853,63.464,-170.548,-25.042,2083.848
201605,2767.844,2412.475,153.577,2258.898,4.858,248.317,188.274,60.043,-336.845,-21.156,1965.799
201606,2628.164,2312.288,147.199,2165.089,4.656,241.885,183.013,58.872,-228.85,0.888,2000.656
201607,2721.21,2408.915,153.35,2255.564,4.851,265.022,188.682,76.339,-138.904,-11.234,2186.616
201608,2722.631,2389.813,152.134,2237.678,4.812,261.983,214.226,47.757,-129.65,47.777,2208.375
201609,2626.213,2297.402,146.252,2151.15,4.626,238.491,201.986,36.505,-269.618,25.089,1947.752
201610,2720.187,2364.679,150.534,2214.145,4.762,231.449,176.466,54.983,-316.367,-32.32,1925.203
201611,2678.247,2307.494,146.894,2160.6,4.646,231.044,227.919,3.125,38.639,-47.567,2159.445
201612,2746.543,2357.556,150.081,2207.475,4.747,280.791,250.836,29.955,687.508,-63.412,2866.273
201701,2723.628,2339.431,151.984,2187.447,5.263,291.656,269.96,21.696,687.268,12.604,2914.277
201702,2493.267,2142.588,139.196,2003.393,4.82,254.597,253.227,1.37,291.563,39.372,2340.517
201703,2797.117,2425.799,157.595,2268.204,5.457,280.567,273.345,7.222,281.497,-38.726,2523.654
201704,2689.967,2350.432,152.698,2197.733,5.288,238.279,242.424,-4.146,-235.891,-30.917,1932.067
201705,2778.965,2428.739,157.786,2270.953,5.464,244.353,248.867,-4.514,-347.723,-32.605,1891.574
201706,2688.422,2373.176,154.176,2219,5.339,239.805,253.322,-13.517,-287.064,-14.075,1909.683
201707,2753.997,2477.573,160.958,2316.614,5.574,250.508,248.801,1.707,-154.78,-27.982,2141.134
201708,2769.67,2476.18,160.868,2315.312,5.57,247.888,247.302,0.586,-201.367,-26.618,2093.483
201709,2763.285,2438.213,158.401,2279.811,5.485,229.444,248.916,-19.472,-323.349,-22.96,1919.516
201710,2911.373,2564.255,166.59,2397.665,5.769,241.338,279.775,-38.437,-253.596,-80.449,2030.95
201711,2897.003,2558.771,166.233,2392.537,5.756,240.314,287.727,-47.413,90.456,-84.177,2357.16
201712,3025.419,2662.67,170.757,2491.914,5.913,274.478,300.138,-25.661,707.086,-93.56,3085.692
201801,2993.178,2618.315,177.251,2441.063,5.5,299.891,300.234,-0.342,913.41,-18.191,3341.44
201802,2751.215,2414.348,163.444,2250.905,5.072,237.417,275.652,-38.235,476.95,16.55,2711.241
201803,3069.284,2704.217,183.067,2521.151,5.681,270.762,291.468,-20.705,292.55,-0.858,2797.818
201804,2976.108,2612.541,176.861,2435.681,5.488,242.264,278.941,-36.677,-37.154,-15.829,2351.509
201805,3098.558,2730.667,184.857,2545.81,5.736,227.168,272.116,-44.947,-433.358,-17.135,2056.106
201806,2972.738,2655.954,179.799,2476.154,5.579,228.469,261.995,-33.526,-357.739,-26.21,2064.26
201807,3138.242,2799.146,189.493,2609.653,5.88,247.012,305.997,-58.986,-193.992,-10.34,2352.215
201808,3206.177,2855.6,193.315,2662.285,5.999,237.025,311.449,-74.424,-243.939,-34.586,2315.335
201809,3153.978,2808.817,190.148,2618.67,5.901,214.074,301.742,-87.667,-343.832,-35.856,2157.215
201810,3314.676,2939.25,198.978,2740.273,6.175,215.128,306.653,-91.525,-299.401,-69.508,2286.013
201811,3259.912,2894.098,195.921,2698.177,6.08,212.486,337.789,-125.302,211.877,-74.603,2716.229
201812,3391.473,2975.914,201.46,2774.454,6.252,257.148,363.806,-106.658,328.89,-3.015,2999.923
201901,3376.735,2974.83,207.962,2766.868,4.96,290.886,364.787,-73.9,722.237,4.88,3425.044
201902,3056.916,2705.249,189.116,2516.133,4.51,233.344,329.954,-96.61,579.543,16.5,3020.076
201903,3383.042,3008.808,210.337,2798.471,5.016,252.989,373.539,-120.55,252.615,-7.027,2928.525
201904,3315.27,2925.844,204.537,2721.306,4.878,206.559,338.213,-131.654,-389.368,8.335,2213.498
201905,3424.018,3046.445,212.968,2833.477,5.079,207.651,368.568,-160.917,-480.271,-62.231,2135.137
201906,3299.794,2956.304,206.667,2749.637,4.929,201.163,360.226,-159.063,-439.124,-36.111,2120.269
201907,3395.984,3071.698,214.733,2856.964,5.121,230.407,393.4,-162.993,-260.342,-43.57,2395.18
201908,3448.106,3146.384,219.954,2926.429,5.246,220.076,384.983,-164.907,-292.461,-39.139,2435.169
201909,3396.571,3056.535,213.673,2842.862,5.096,208.286,394.511,-186.225,-427.095,-27.517,2207.12
201910,3551.97,3186.15,222.734,2963.416,5.312,210.537,425.775,-215.237,-352.691,-93.331,2307.468
201911,3509.293,3133.926,219.084,2914.843,5.225,223.765,441.944,-218.18,155.624,-73.284,2784.228
201912,3622.512,3234.746,226.132,3008.614,5.393,256.053,481.757,-225.704,427.898,-44.618,3171.583
202001,3598.402,3257.533,239.079,3018.453,5.571,262.08,510.444,-248.363,580.617,-26.456,3329.822
202002,3366.311,2992.845,223.394,2769.451,5.206,238.328,454.245,-215.917,545.043,-39.115,3064.668
202003,3579.884,3192.036,239.233,2952.802,5.575,213.231,497.437,-284.206,53.442,0.369,2727.983
202004,3375.996,3076.174,225.432,2850.742,5.253,190.049,420.767,-230.717,-311.296,-48.054,2265.928
202005,3290.613,2942.912,219.084,2723.828,5.105,186.518,395.472,-208.954,-454.122,13.063,2078.92
202006,3220.917,2927.068,215.04,2712.029,5.011,187.478,338.486,-151.009,-363.137,-66.428,2136.466
202007,3386.52,3026.78,226.142,2800.638,5.27,210.419,349.167,-138.748,-164.823,-31.696,2470.641
202008,3368.303,3027.588,225.412,2802.176,5.253,211.352,360.23,-148.878,-232.198,-19.733,2406.619
202009,3274.179,2957.168,218.375,2738.793,5.089,174.225,395.424,-221.199,-328.688,-34.781,2159.214
202010,3381.515,3004.869,223.934,2780.936,5.218,199.306,481.621,-282.314,-95.724,-85.298,2322.819
202011,3371.22,2998.371,223.387,2774.983,5.206,211.57,528.21,-316.64,-6.362,-8.321,2448.866
202012,3516.066,3117.483,231.185,2886.298,5.387,266.618,553.176,-286.558,597.482,-11.991,3190.619
202101,3504.128,3105.581,233.604,2871.976,5.493,284.065,563.515,-279.45,718.754,18.446,3335.219
202102,2938.642,2597.23,195.366,2401.865,4.594,271.877,424.004,-152.127,794.993,46.392,3095.717
202103,3509.749,3136.068,235.898,2900.17,5.547,238.724,595.411,-356.687,63.811,27.261,2640.102
202104,3428.387,3058.663,230.075,2828.588,5.41,208.369,564.333,-355.964,-179.528,-26.884,2271.622
202105,3524.82,3158.085,237.554,2920.531,5.586,204.89,578.056,-373.167,-423.499,-13.032,2116.42
202106,3389.749,3045.264,229.067,2816.197,5.387,207.859,539.165,-331.305,-253.915,5.668,2242.031
202107,3508.68,3176.507,238.939,2937.568,5.619,227.779,566.046,-338.268,-174.911,-12.417,2417.59
202108,3534.922,3185.92,239.647,2946.272,5.635,220.959,563.572,-342.614,-164.45,-8.578,2436.266
202109,3440.723,3104.078,233.491,2870.587,5.491,220.206,535.583,-315.377,-397.689,-24.801,2138.211
202110,3612.938,3258.481,245.106,3013.375,5.764,228.203,545.055,-316.852,-367.579,-75.381,2259.328
202111,3564.46,3188.958,239.876,2949.082,5.641,242.405,556.982,-314.578,136.738,-91.905,2684.978
202112,3719.546,3323.025,249.961,3073.064,5.878,252.626,620.886,-368.26,330.302,-32.762,3008.222
202201,3593.563,3201.112,250.242,2950.871,5.955,296.248,610.836,-314.587,1013.843,-74.024,3582.058
202202,3270.055,2918.981,228.186,2690.795,5.431,257.977,546.428,-288.45,672.768,-28.109,3052.434
202203,3665.056,3284.763,256.781,3027.982,6.111,259.499,639.074,-379.575,170.794,-43.544,2781.768
202204,3578.937,3210.082,250.943,2959.139,5.972,244.998,587.385,-342.387,-220.487,-44.049,2358.188
202205,3682.519,3319.38,259.487,3059.893,6.176,230.899,616.665,-385.766,-412.347,-27.732,2240.224
202206,3554.842,3221.895,251.866,2970.029,5.994,228.882,553.76,-324.877,-331.936,-2.116,2317.094
202207,3716.069,3355.846,262.338,3093.508,6.243,257.197,559.842,-302.645,-186.913,-20.591,2589.602
202208,3715.517,3377.619,264.04,3113.58,6.284,235.884,558.031,-322.147,-213.495,-17.52,2566.702
202209,3658.031,3319.341,259.484,3059.857,6.175,233.927,526.465,-292.538,-446.16,-33.803,2293.531
202210,3799.767,3423.89,267.657,3156.233,6.37,239.507,554.328,-314.822,-431.935,-53.423,2362.424
202211,3703.209,3317.599,259.348,3058.251,6.172,246.184,555.018,-308.834,78.006,-64.649,2768.946
202212,3763.363,3378.949,264.144,3114.806,6.286,292.94,598.601,-305.661,588.207,-24.697,3378.941
202301,3826.971,3434.107,283.287,3150.819,7.218,275.207,608.64,-333.433,466.455,74.573,3365.633
202302,3447.686,3093.823,255.217,2838.606,6.503,243.911,574.806,-330.895,408.59,79.173,3001.977
202303,3846.353,3473.392,286.528,3186.863,7.301,249.499,650.421,-400.923,230.695,48.965,3072.902
202304,3706.48,3331.577,274.829,3056.748,7.003,220.37,620.732,-400.363,-274.922,66.869,2455.335
202305,3858.324,3482.871,287.31,3195.561,7.321,216.127,638.419,-422.291,-460.925,25.24,2344.906
202306,3713.812,3358.27,277.031,3081.239,7.059,231.536,607.342,-375.806,-350.849,40.727,2402.37
202307,3808.672,3477.598,286.875,3190.723,7.31,256.072,634.521,-378.449,-138.735,31.655,2712.504
202308,3818.876,3501.86,288.876,3212.983,7.361,246.415,634.536,-388.12,-138.806,31.066,2724.483
202309,3731.109,3392.913,279.889,3113.024,7.132,229.99,625.661,-395.671,-330.656,27.517,2421.346
202310,3876.84,3501.919,288.881,3213.038,7.361,230.951,651.843,-420.892,-328.408,7.769,2478.867
202311,3809.798,3437.418,283.56,3153.857,7.225,251.022,654.268,-403.246,70.201,40.061,2868.099
202312,3954.749,3551.988,293.012,3258.976,7.466,276.838,708.845,-432.007,292.342,100.492,3227.268
202401,3871.687,3474.976,272.135,3202.796,9.582,322.967,673.956,-350.989,1019.688,-99.457,3781.62
202402,3723.064,3344.495,276.696,3067.775,8.041,258.266,643.492,-385.226,317.264,4.186,3012.038
202403,3880.171,3482.741,305.715,3177.023,8.246,243.39,667.947,-424.557,55.626,24.47,2840.807
202404,3716.214,3348.647,301.532,3047.121,7.803,221.891,567.188,-345.297,-309.172,35.352,2435.807
202405,3834.297,3457.982,314.922,3143.071,7.891,238.448,646.363,-407.915,-437.808,69.655,2374.894
202406,3731.374,3382.183,302.49,3079.698,7.11,246.724,626.734,-380.01,-306.224,65.008,2465.582
202407,3889.543,3532.395,308.271,3224.119,8.382,271.418,608.089,-336.671,-144.36,33.108,2784.579
202408,3849.769,3504.336,313.319,3191.022,8.023,260.866,650.237,-389.371,-94.946,49.072,2763.8
202409,3705.118,3359.526,308.912,3050.628,6.591,246.54,638.271,-391.731,-302.2,88.302,2451.591
202410,3889.01,3509.502,323.548,3185.971,7.115,253.943,649.27,-395.327,-395.272,67.537,2470.024
202411,3785.826,3400.222,313.861,3086.378,7.514,270.42,639.524,-369.103,27.975,-4.318,2748.445
202412,3991.689,3586.889,317.561,3269.329,9.8,309.674,695.497,-385.823,575.043,-57.887,3410.461
202501,3932.656,3533.69,298.146,3235.544,13.816,335.685,694.304,-358.62,1009.54,23.855,3924.136
202502,3579.361,3217.762,278.767,2938.995,11.486,295.54,683.448,-387.907,635.824,39.6,3237.998
202503,4057.699,3656.87,325.923,3330.947,10.627,263.12,753.25,-490.129,-48.27,-40.267,2762.907
202504,3905.771,3527.726,316.844,3210.882,9.406,236.258,725.061,-488.803,-304.265,-44.263,2382.957
202505,4023.659,3639.248,333.537,3305.711,8.501,240.509,735.679,-495.169,-497.26,-9.873,2311.91
202506,3904.576,3548.671,322.312,3226.358,7.841,246.436,691.728,-445.292,-355.004,-14.086,2419.817
202507,4022.627,3692.035,337.529,3354.506,9.675,257.86,719.743,-461.883,-151.128,-29.815,2721.356
202508,4067.876,3716.035,343.139,3372.895,9.539,237.779,761.61,-523.831,-185.877,-27.367,2645.359
202509,3937.62,3587.1,339.62,3247.48,9.217,225.756,726.9,-501.144,-309.181,-19.833,2426.539
